0.301642611004,-0.128880792792,0.0
0.246471472645,0.0477588065546,0.0
-0.0384313783143,-0.114813095811,0.0
0.134884183239,0.0456570763079,0.0
0.408550017089,0.414860838786,0.0
0.466958341078,-0.0463998668921,0.0
-0.222115659852,0.0213469373233,0.0
0.488285217437,0.120645648521,0.0
0.567016690756,-0.0324138545559,0.0
0.495858226735,0.243750523408,0.0
0.333868933747,0.0741253376738,0.0
0.121649547041,0.222922135616,0.0
-0.123418292795,0.160248980948,0.0
-0.162442095998,0.494154035233,0.0
0.303019097004,0.488844679224,0.0
0.33154894213,0.386295112452,0.0
0.135848488992,0.237378075234,0.0
0.239475757643,0.147942773612,0.0
0.15124341609,0.454065006566,0.0
0.185378880156,0.520099189145,0.0
-0.0506805005828,-0.238204658693,0.0
0.700253981737,1.0328942358,0.0
-0.0394043234321,0.624738113694,0.0
0.665994715503,0.549368652288,0.0
0.359858294671,0.749964668765,0.0
0.466747008757,0.0322391257783,0.0
0.655245202917,0.546375263312,0.0
0.678948257804,0.466003939776,0.0
0.237052017952,0.249227074268,0.0
0.198111599582,-0.133280772201,0.0
0.139904655003,0.0352447552805,0.0
-0.0926819033708,0.248816738406,0.0
-0.0366994176004,0.108489166306,0.0
0.160611128757,0.305748542356,0.0
0.617443982322,0.338894048739,0.0
0.515485014834,0.279498442621,0.0
0.486032017199,0.0288380590339,0.0
-0.571562400737,-0.764014279617,0.0
0.0967713046504,0.613265543018,0.0
0.0471538204511,0.0972681569356,0.0
0.661833207935,0.685679318927,0.0
1.07474181944,0.117139548723,0.0
0.55376633295,0.377887673615,0.0
1.01469952575,0.129952262686,0.0
0.34167197288,0.512683338532,0.0
0.714698411745,0.456704964464,0.0
0.413523766588,-0.149196220848,0.0
-0.129822162271,0.0302743303831,0.0
0.551579158047,0.39355510183,0.0
0.0992726847074,0.316965608898,0.0
0.205885850447,0.753453697799,0.0
0.814272248762,0.498225743009,0.0
0.445370930476,0.240545379727,0.0
0.558827678558,0.135564361582,0.0
0.477270468111,0.699610638397,0.0
0.290307155429,-0.0903961755752,0.0
-0.118882266855,0.31285846845,0.0
-0.534002641279,0.156764874926,0.0
0.236708898299,0.166064975474,0.0
0.0231410955026,0.358564547665,0.0
0.152623897567,0.0203138319302,0.0
0.146323769436,0.0354133036953,0.0
-0.0597181634553,0.64051692982,0.0
0.444922993368,-0.0749082147359,0.0
0.415678175235,-0.389022158654,0.0
-0.132773851598,0.273559957638,0.0
-0.244836221089,0.624924144224,0.0
1.2102661951,-0.356939383377,0.0
0.442844408953,0.0198458073017,0.0
0.0224164230516,0.171244243661,0.0
-0.0784130610549,0.220893127117,0.0
0.0195481413643,0.612742627096,0.0
-0.486180252182,0.309691824514,0.0
0.292789678895,-0.00623906395913,0.0
0.288354746279,-0.641234773186,0.0
0.5314059175,0.261980197744,0.0
0.829322016081,-0.535276765112,0.0
-0.328340033259,0.752517809275,0.0
-0.0374895471948,-0.0383492544982,0.0
-0.273101549311,0.740554911036,0.0
-0.157013937149,0.162580993446,0.0
-0.0639271431341,-0.0242999805434,0.0
-0.112316203667,-0.0734708124077,0.0
0.486560954811,1.07072534664,0.0
0.236074777889,-0.0402093143214,0.0
0.485398928718,-0.126237564846,0.0
0.298310889518,-0.123376891553,0.0
0.354121536194,0.472333360991,0.0
0.0680045825444,0.264941556586,0.0
1.04429239977,-0.0136475463797,0.0
0.0931827955581,-0.434217329622,0.0
0.245063237222,-0.175711997186,0.0
-0.102485153431,0.5019685429,0.0
-0.282656639135,-0.600167644815,0.0
0.0800030032886,0.118159275297,0.0
0.209012400391,0.111826090684,0.0
0.669036324871,0.178001702424,0.0
-0.0104470204568,0.458871431234,0.0
0.341757210651,0.36984803702,0.0
0.247191410646,0.0720235516901,0.0
0.483626851551,0.43588428829,0.0
-0.245313358699,-0.350309922639,0.0
0.188453349801,1.05432133568,0.0
0.589879626567,0.367942984772,0.0
0.148878252797,0.295114878493,0.0
-0.20403019478,0.155932796726,0.0
-0.24528044066,0.215145574351,0.0
-0.143824152741,-0.11770320367,0.0
0.714145883567,0.0746614137726,0.0
-0.0519277519231,-0.261852726772,0.0
0.0569166817921,-0.0659515577489,0.0
0.113066083983,-0.501519024256,0.0
0.386161127361,0.298682453792,0.0
0.30429758532,-0.046932958889,0.0
0.460390186413,0.327106319045,0.0
-0.275896128621,0.496560451742,0.0
0.117885268918,-0.037103142791,0.0
-0.579791715758,0.216312884012,0.0
0.0152749450377,-0.142681960889,0.0
0.388089192723,0.20673737677,0.0
0.526969705299,0.0974707522513,0.0
0.331655336208,0.38273325553,0.0
0.337480621339,-0.0341035542047,0.0
-0.195831996661,0.544408664417,0.0
0.212131025293,0.289397013148,0.0
0.651128644241,-0.4046451984,0.0
0.621445777463,0.298267675404,0.0
-0.0715329334491,0.0843427103319,0.0
0.135248386372,0.648190758874,0.0
-0.178883901368,0.0620934773303,0.0
0.422526675932,0.533012750556,0.0
-0.385437285627,0.224370655447,0.0
0.00337921660133,0.432541079288,0.0
-0.195321276019,-0.021324756571,0.0
0.162047085887,0.334898206051,0.0
0.587550647434,-0.285152507522,0.0
0.0221968577394,0.493006962296,0.0
0.289251830524,0.336044252898,0.0
0.0902646019809,-0.138491896432,0.0
-0.388712550478,0.137548044354,0.0
-0.0206808047611,0.337967446526,0.0
0.276524466266,0.130813539535,0.0
0.413271995357,0.463397634971,0.0
-0.624022259885,0.0160961756905,0.0
0.854214480242,0.246226261279,0.0
0.766002254352,0.809648391027,0.0
0.374438946757,0.461194044832,0.0
0.277767411741,0.134845232663,0.0
0.42511657227,0.843495641513,0.0
0.126388406953,-0.122641292614,0.0
0.0484709994512,0.318296350351,0.0
0.390611374551,0.411413337858,0.0
0.25654160211,0.092199861997,0.0
0.227626906477,0.202326416437,0.0
0.70327292382,-0.270908226896,0.0
0.380434316526,0.281409256453,0.0
-0.106523614843,-0.0193574561358,0.0
0.293830016565,0.157738935673,0.0
0.461021348867,0.269557261045,0.0
0.0465976507222,0.284993974571,0.0
0.16994277633,0.328717986796,0.0
-0.0308776944524,0.588057805594,0.0
-0.119989385544,-0.102667122137,0.0
-0.132425199425,0.0469583331731,0.0
-0.393481941749,0.313203177391,0.0
0.749064110452,-0.00795454098686,0.0
0.315522677117,-0.284151247517,0.0
-0.0283723509961,0.193642124268,0.0
0.431248337136,0.163634328927,0.0
0.0661128317011,0.252759275222,0.0
0.579039321832,0.134255579116,0.0
0.0227376307202,0.125274396755,0.0
0.426166154355,0.227135257769,0.0
0.0338644533856,0.116662855152,0.0
-0.106261659216,0.173118232012,0.0
-0.130517419174,0.492588932317,0.0
-0.566802754021,-0.0367680486095,0.0
0.0149234728345,-0.0879934296216,0.0
0.50987472859,-0.227397261384,0.0
0.547699444668,0.0948549658888,0.0
0.346960894828,0.44865231931,0.0
0.587350704864,0.454318835106,0.0
0.166200815684,-0.0425716556193,0.0
-0.127195230316,0.0988813085125,0.0
-0.00329195025562,0.288991920519,0.0
0.570396799234,0.459373123608,0.0
1.05329095557,0.242693417898,0.0
0.259090982442,-0.0603858795129,0.0
0.0564339030559,-0.24616651865,0.0
0.678414170813,0.268303656004,0.0
1.07877571457,0.451298659913,0.0
0.141948758016,2.07860956976e-05,0.0
0.802656368345,0.0418294297662,0.0
0.552640024753,0.349488192072,0.0
0.112547590426,-0.330153746949,0.0
0.12312049201,0.150866682877,0.0
-0.065864549308,0.491512274844,0.0
0.847215400065,0.0166040877057,0.0
0.0804053918126,-0.348951820545,0.0
0.146755900405,0.112423967181,0.0
0.3667145806,0.165815423223,0.0
-0.0716317873588,-0.116006858073,0.0
-0.613855843657,0.32236653259,0.0
0.175909868609,0.467696511068,0.0
-0.178754180714,0.653012421958,0.0
0.218751648072,0.371128450212,0.0
0.135887152369,0.217443722614,0.0
0.599307076495,0.517570837226,0.0
0.593526100295,0.396646585076,0.0
0.152191917543,0.522390066262,0.0
0.140739109632,0.105801622295,0.0
-0.239983790545,0.336264336057,0.0
0.308389963801,0.33891388741,0.0
0.62350755731,0.200488276368,0.0
0.459583793374,0.122309499367,0.0
-0.435491940504,0.151661144971,0.0
0.966705007755,0.417960442635,0.0
0.5320559394,0.358458331728,0.0
-0.0373173713424,-0.012269787072,0.0
-0.0295009588556,0.177228362925,0.0
0.594253581838,0.0456802513647,0.0
0.537254575984,0.235931983074,0.0
-0.344290607284,-0.120451136615,0.0
0.136879370784,0.238244418649,0.0
-0.087886673984,0.509728244265,0.0
0.632907478895,0.034907588543,0.0
-0.0678518813592,0.325083255501,0.0
0.26638361049,0.434506965649,0.0
0.319145599816,0.403692644488,0.0
0.896411030157,0.616846245906,0.0
0.266975626701,0.801949847704,0.0
0.0954364399107,0.454262802701,0.0
0.382907975092,0.247121274005,0.0
0.062139956746,-0.184590779347,0.0
1.01162501735,-0.129832890061,0.0
-0.0852504936382,0.0809835707057,0.0
-0.163603835625,0.7048828468,0.0
-0.126651188422,-0.352942575154,0.0
-0.179790483925,1.08477290931,0.0
0.615413040418,0.034611170374,0.0
0.103274622579,0.372827377034,0.0
-0.0739809347764,-0.428884915151,0.0
0.29591513259,0.245933905276,0.0
0.507769964968,0.238134915154,0.0
-0.0839200705253,0.427409574645,0.0
-0.109933324335,-0.319058138928,0.0
0.269280992529,-0.116401087033,0.0
-0.0610962814303,-0.343792524572,0.0
-0.139856005897,0.580074135154,0.0
0.72398082123,0.475939489295,0.0
0.227684620806,0.00967111430997,0.0
0.689402005478,-0.0149117919931,0.0
-0.163680014783,0.400576380187,0.0
0.0982567930019,0.248063138115,0.0
0.109031331224,0.856065431228,0.0
0.462710288394,0.0806624533529,0.0
0.100648232323,0.0580841752268,0.0
0.195745973985,0.200209871064,0.0
0.341294430042,-0.0156715695337,0.0
0.318237569916,0.107124200764,0.0
0.188708387326,0.0493455645903,0.0
0.0451463351749,0.380037362756,0.0
-0.499277373057,0.395492176753,0.0
0.178756833653,0.67258960384,0.0
0.114435819099,0.194263779581,0.0
-0.276160531391,0.00352934241724,0.0
0.462148917102,0.0120881108026,0.0
0.277736960051,0.484272625685,0.0
-0.160248925927,-0.111262664175,0.0
0.471005462842,0.344645359916,0.0
0.320256284414,0.202269407505,0.0
-0.0110413045263,0.536392217087,0.0
0.410766306397,0.38138942455,0.0
-0.228925258402,0.844565692492,0.0
0.86080406701,0.231105315229,0.0
0.0874522056605,0.380547303096,0.0
-0.116265412613,0.452910836625,0.0
0.693791046839,0.373494511327,0.0
0.0969696939107,0.141545273649,0.0
0.234318551961,0.175936797622,0.0
-0.0582311618014,0.0962580686457,0.0
0.30696334528,-0.0740178564387,0.0
0.047560392902,0.0960971434117,0.0
0.175883075337,0.485953567619,0.0
0.432782522653,0.7096877681,0.0
0.0890274034083,-0.0787830220833,0.0
-0.429300483507,-0.132855019188,0.0
0.025042881926,0.613415069947,0.0
0.794538335019,0.576846673813,0.0
0.0411889265524,-0.377092190343,0.0
0.22868931229,0.316313070149,0.0
0.0752940584649,-0.082055943559,0.0
0.849457261378,-0.234727858811,0.0
-0.323173292241,0.35068905402,0.0
0.345217940056,0.166760893874,0.0
0.640203118104,-0.165262927393,0.0
-0.0067765445992,0.487779335047,0.0
0.441205001914,-0.00892406862009,0.0
-0.0873345766017,0.407701226953,0.0
-0.016214601689,-0.0471228214418,0.0
-0.553408326904,-0.0676452154711,0.0
-0.0215430870749,0.0402289431313,0.0
0.272326421143,-0.306057983395,0.0
0.819910605572,0.164380025346,0.0
0.132106847521,0.0750093050078,0.0
-0.122159698237,0.111744073573,0.0
0.5963435114,0.417248427605,0.0
0.358159346704,-0.393918314363,0.0
-0.2094635924,0.613236830086,0.0
-0.505475452772,0.695349720464,0.0
0.627091026109,0.272286680234,0.0
0.327136849702,0.118512442694,0.0
0.320056833521,0.476625100657,0.0
0.507888465865,0.451432221116,0.0
0.642290799427,-0.0480455368694,0.0
0.415845544591,0.383310230546,0.0
-0.172090842252,0.542087748994,0.0
0.226901053513,0.405032643974,0.0
0.25199221965,0.358809548937,0.0
0.155832177444,-0.325086348122,0.0
0.659301116373,-0.0154659896438,0.0
-0.225881385665,0.659661242534,0.0
0.149966039262,1.01208897992,0.0
0.775538113255,0.206063419212,0.0
0.407350549975,0.849564896369,0.0
0.264432876559,0.130028992621,0.0
0.328828032669,0.0679395576519,0.0
0.123912545692,0.1825953262,0.0
-0.517402969643,0.604866242782,0.0
0.173140934277,0.25288321578,0.0
0.112448585603,0.12573611229,0.0
0.308273556338,0.379306667,0.0
-0.255591391465,-0.116392949201,0.0
0.0439039096188,0.0582396446056,0.0
0.097188880424,0.197372466072,0.0
0.653667166801,0.167261602446,0.0
0.187679155759,0.352228525156,0.0
-0.104546157784,-0.280556087774,0.0
0.467298521601,0.338286281018,0.0
-0.0820498324787,-0.249434326064,0.0
0.242760365906,0.116357886296,0.0
0.672832813876,0.232420426604,0.0
0.299441060443,0.0937040952487,0.0
0.418892845949,0.08163308711,0.0
0.0391879048176,0.0715716334454,0.0
-0.00913086206691,-0.330026232745,0.0
0.110240392068,0.0320937370356,0.0
0.507176666017,0.0727524224764,0.0
0.00268968326998,-0.439344733922,0.0
0.261306794356,0.0898351021222,0.0
-0.105478156905,0.0983102460967,0.0
-0.0613830072392,-0.230007673404,0.0
0.134564611086,-0.0103116320234,0.0
0.28860454124,0.405780288266,0.0
0.518732318132,0.668178402459,0.0
0.539923529474,0.377463497631,0.0
1.05126289545,0.639580853522,0.0
0.215758493224,0.27607928152,0.0
-0.220121426357,-0.311159705346,0.0
0.204598614025,0.263909021389,0.0
-0.103037800882,0.237784690747,0.0
0.288366506275,0.423249822894,0.0
0.253614286279,0.390382260275,0.0
0.0810985883402,0.401560087206,0.0
0.00869453706056,0.247667473975,0.0
0.453055051094,-0.251812350425,0.0
-0.0347819262806,0.15291679506,0.0
-0.0794266462278,0.590872741968,0.0
0.1116380611,-0.0329091064494,0.0
0.113772469054,0.537048167343,0.0
0.403379045037,0.46996039034,0.0
0.622492916012,0.52453735337,0.0
0.693986248973,0.479854694836,0.0
0.207322422107,0.344502559454,0.0
-0.116231687601,0.370471590691,0.0
0.677806041573,0.512569257954,0.0
0.094136355322,0.907407730255,0.0
0.474303266085,0.608820614048,0.0
0.395944757445,0.0443220221328,0.0
-0.363214166167,0.644774898127,0.0
0.159083827388,0.354362945938,0.0
0.388406086721,-0.213820811547,0.0
0.0142252009944,0.123021096595,0.0
-0.16203804037,0.535207216966,0.0
0.496000367808,0.107234370327,0.0
0.590423139745,0.444263214034,0.0
0.0310893244453,0.433890468437,0.0
0.55956049316,0.234296752977,0.0
0.376703004098,0.147631509439,0.0
-0.135891286689,0.188982982511,0.0
0.183121759245,0.396846866017,0.0
-0.264532297184,-0.0255693318203,0.0
0.484420408565,-0.178173073443,0.0
-0.813796166305,0.538418180287,0.0
-0.055131006975,0.0163539992073,0.0
-0.234919023843,0.403286909205,0.0
-0.515664473086,-0.0926403836419,0.0
0.306900910132,-0.178425175693,0.0
0.864106562936,-0.664649795394,0.0
0.10662617007,0.475074622856,0.0
-0.350288854294,1.09065050706,0.0
0.525962685389,0.64840239466,0.0
0.284900944098,0.329780682496,0.0
0.678153528951,-0.460439756934,0.0
0.440174703681,-0.0789917552625,0.0
-0.0644376793252,0.132622143849,0.0
-0.216431784048,0.0402733231921,0.0
0.10863501216,0.558772430828,0.0
0.102017645658,0.404287472893,0.0
-0.116236744173,0.359772135504,0.0
0.0462383733251,0.253552777396,0.0
-0.0374484622166,0.10422515555,0.0
0.41204871869,0.0883131337357,0.0
0.58799518807,0.06449892565,0.0
0.261265278287,0.427646906284,0.0
-0.386715802284,0.420408664909,0.0
-0.250125082082,0.586785142293,0.0
0.142744328149,0.431094113409,0.0
0.0858601923701,-0.11328109089,0.0
0.704419814315,-0.276993571349,0.0
0.554854211766,-0.0341150418044,0.0
0.891152308873,-0.310035807136,0.0
0.500330174875,0.200875858936,0.0
0.47361767048,-0.27185983523,0.0
0.152626325351,0.209250504705,0.0
0.294665542852,0.444874720983,0.0
-0.143184698608,1.12176433231,0.0
0.504124868747,0.199774426277,0.0
-0.330844915492,-0.0467908317495,0.0
0.528433072468,-0.252901811144,0.0
-0.110035018978,0.341194537493,0.0
-0.0050035592509,0.0235588303507,0.0
0.22233953372,0.470413352413,0.0
0.814200488346,0.455303937378,0.0
0.157258464295,0.664848879595,0.0
0.697520964747,0.341790382346,0.0
0.485682861229,0.570201985808,0.0
0.0868371689038,0.470618169684,0.0
0.298939363424,0.350978767656,0.0
-0.182078740996,0.526158022407,0.0
0.380024736938,-0.879090008257,0.0
0.695587739791,-0.265507677396,0.0
-0.181807805576,-0.186741885315,0.0
0.0708439723762,-0.289374456326,0.0
0.369804633883,0.743087518052,0.0
-0.0350851581579,0.657239183516,0.0
0.150030625009,0.175766495355,0.0
0.612493749999,-0.220336033534,0.0
-0.199658711971,-0.0357347196757,0.0
0.612279944911,0.557517725377,0.0
0.0891172940089,-0.0599385224811,0.0
0.00779805137628,0.27334307017,0.0
-0.317695457506,0.376055068598,0.0
-0.0755595915667,0.386662678982,0.0
-0.128049583261,0.336719414068,0.0
0.0493723434476,-0.0126056469362,0.0
0.220570157523,-0.0422024747669,0.0
0.721745054792,0.273360844711,0.0
0.406694600919,-0.0319582089838,0.0
0.575429147919,0.627834055752,0.0
0.696839037513,0.504769942766,0.0
0.261844837931,0.131182638756,0.0
0.242968870003,0.267050662676,0.0
0.461971692813,-0.20019511786,0.0
0.221609253685,0.430133569854,0.0
0.562057409035,-0.0281447654439,0.0
0.152888921416,0.460767861707,0.0
0.624925836439,0.332477570296,0.0
-0.078934843516,0.177889608224,0.0
0.291969453143,-0.0601513545756,0.0
0.176538662943,0.085981806837,0.0
-0.0149615669126,0.382092457549,0.0
-0.046199429866,0.479083967811,0.0
0.174219786142,0.260575580934,0.0
0.482398376952,0.219993241261,0.0
0.297338029958,0.275662044782,0.0
-0.517274095493,0.383647884317,0.0
0.00855750753413,0.51099715622,0.0
0.54735897366,0.514079936109,0.0
-0.00607866473342,0.249180100023,0.0
0.20156940716,0.59863441649,0.0
0.313020612411,0.128323482898,0.0
-0.151063780815,0.865431181258,0.0
0.00283494597375,0.0767898884347,0.0
-0.0261726871847,0.482238590096,0.0
-0.0642420556964,0.0414073131413,0.0
-0.320779029057,0.702609613859,0.0
0.0831863872869,0.360740771189,0.0
0.0911103012341,0.309441094237,0.0
0.365918840235,0.165375179263,0.0
0.480259069954,0.18250615913,0.0
-0.039252234346,0.257876007716,0.0
0.234541207842,0.121844147381,0.0
-0.0194568449453,0.184731057454,0.0
0.223357275086,-0.18490040733,0.0
0.603361649523,-0.191189991339,0.0
0.024231776473,0.475737255245,0.0
-0.427906752306,0.229855203625,0.0
-0.631323668979,0.0578035951023,0.0
0.238184873482,-0.0805282292095,0.0
2.14751079592,1.4070821907,0.0
1.08544425172,1.16374084082,0.0
1.37211819407,1.37797953574,0.0
1.17582628828,1.29081952299,0.0
1.12033651176,1.94491157128,0.0
1.08513625452,1.79033846247,0.0
1.13407399262,1.69655016933,0.0
1.61070559562,1.90936721526,0.0
1.3666636888,1.2595214822,0.0
1.53603280034,1.35292931046,0.0
1.92280194754,1.86123589184,0.0
1.19503643834,1.37894341773,0.0
1.89744419697,0.580927082389,0.0
1.20372616437,1.34000669654,0.0
1.05139002243,1.7715375304,0.0
0.889592230691,1.42254046235,0.0
1.14259487509,1.85791636579,0.0
1.54205955214,1.57914529504,0.0
1.00851665369,1.84727516814,0.0
1.66426060278,1.72560545755,0.0
1.58769036038,1.86965428028,0.0
1.32216841915,0.908912744936,0.0
1.9398904446,1.85907345553,0.0
1.68864024028,0.907538162552,0.0
1.19713214081,1.48697048835,0.0
1.71759596911,1.41646877405,0.0
1.36824390961,1.70304027253,0.0
1.0027259243,0.987117684127,0.0
1.8702737319,1.47053457648,0.0
1.05461577708,1.58957762648,0.0
1.48168284989,1.26127850272,0.0
0.857236102304,1.04725863915,0.0
1.44973039247,1.51955061348,0.0
1.44168173295,1.68134412725,0.0
1.19887357486,0.948985817155,0.0
1.66825299547,1.56871788981,0.0
0.848160340223,1.80213184257,0.0
1.58397720587,1.16684029005,0.0
0.999756879015,1.59921684705,0.0
1.56409390992,1.05231276064,0.0
2.00880212659,1.28736109198,0.0
1.13141844484,1.38008757882,0.0
1.34804165813,1.60861531907,0.0
1.24480656643,1.67336421439,0.0
1.70888033267,1.49497074304,0.0
1.52940568162,1.69999332638,0.0
1.18115286769,1.33643198749,0.0
1.72072967224,1.14090019622,0.0
0.78011716353,1.1156343271,0.0
1.08110176833,1.41437916475,0.0
1.39735970925,2.00360759438,0.0
1.18080425566,1.08125023794,0.0
1.42320019665,0.801688787084,0.0
1.77924499169,1.42580221903,0.0
1.54379025375,1.38131953138,0.0
0.97235056615,1.40457981599,0.0
1.00932953959,1.9763993721,0.0
0.97407234006,1.26881233285,0.0
1.87106403475,1.67456469228,0.0
1.54978169727,1.1859291681,0.0
1.70043783745,0.67136582805,0.0
1.23946402926,1.59166501458,0.0
1.17555705081,1.94752853712,0.0
1.06719195695,1.178101943,0.0
1.23596457776,1.8838094113,0.0
1.3478329357,2.23402971026,0.0
1.50428744562,1.70841939511,0.0
1.91336932902,1.75588318868,0.0
1.2709287464,1.34483373646,0.0
1.35624575784,1.20914805281,0.0
1.1638008003,1.68595559177,0.0
1.06856636006,1.47208175206,0.0
1.47399120191,1.75195156047,0.0
1.00833027162,1.52875237725,0.0
1.65779460435,1.73589470567,0.0
1.50096461238,1.05035420847,0.0
1.07885452269,0.833566682571,0.0
1.46942190674,1.15696963756,0.0
1.60986066594,1.92670368601,0.0
1.17760068073,1.48065380485,0.0
1.40630164553,1.00929020375,0.0
1.43489511851,1.2142328194,0.0
1.63490645973,0.954789768987,0.0
1.46760995723,1.19220329918,0.0
1.54192856435,1.78789052579,0.0
1.41003703765,1.4300613284,0.0
1.34185141111,1.7568432912,0.0
0.981898074791,1.38449647204,0.0
1.30989852309,1.29766428733,0.0
1.04308287878,1.53838790193,0.0
1.52618361414,1.53144384181,0.0
1.34904825222,1.06380755372,0.0
1.58374332429,0.997814235246,0.0
1.69642705835,1.38813031136,0.0
1.74818780228,1.7269171592,0.0
1.46276789987,1.33674909238,0.0
0.877788087798,1.64808587085,0.0
1.73836860911,1.64556436128,0.0
1.47796285295,2.06276215625,0.0
1.64918794321,2.07367936316,0.0
1.28926329793,1.20090556453,0.0
1.0678137762,1.32831475373,0.0
1.66577816794,1.30440361014,0.0
1.47282716216,1.72312762238,0.0
1.45599175288,1.39584222593,0.0
1.2667845175,1.40377871069,0.0
1.56593444078,1.38351046347,0.0
1.11015122778,1.15889064791,0.0
0.823899299795,1.09636652816,0.0
1.16941564225,0.635797928405,0.0
1.42658907979,1.43943184813,0.0
1.27148020359,0.684479052395,0.0
1.88551060292,1.1883048124,0.0
1.76829372003,1.77338937836,0.0
1.8875685946,1.46955067698,0.0
1.9260116088,1.58282253153,0.0
0.916621157354,0.838605890439,0.0
1.30357263817,1.30546110059,0.0
1.41450207107,1.09236643408,0.0
1.89234187258,1.1784250809,0.0
1.32124701605,1.49494846118,0.0
1.75706020134,1.50508816977,0.0
1.42454259985,1.23431013384,0.0
1.65372099961,1.44282094688,0.0
1.08558393225,1.97746495903,0.0
1.85578682961,1.49536306383,0.0
1.40132996701,1.24151480782,0.0
1.73009887282,1.22261334766,0.0
1.37420723017,1.46460305757,0.0
0.864460510025,1.26872655131,0.0
1.31250685571,1.64295168649,0.0
1.02964212265,1.52015243364,0.0
1.53486734228,1.23595654722,0.0
1.46314315736,1.19273693653,0.0
1.26819119446,1.3472169935,0.0
0.904019400622,1.14439098374,0.0
1.82968581918,1.2381551215,0.0
0.92988094888,1.23308490832,0.0
2.10569258764,1.48977369179,0.0
1.44098315982,1.3566416314,0.0
0.9978920946,1.53123271345,0.0
1.78286418959,0.87353377491,0.0
1.32053258212,1.05088422862,0.0
1.32070661999,1.40488711646,0.0
1.56276110328,1.1095509424,0.0
1.56494179859,0.62554039161,0.0
1.23215495884,1.82863782235,0.0
1.44842459196,1.75173001174,0.0
1.58055794819,1.51556118353,0.0
1.20081779622,1.28599489728,0.0
1.13610319372,1.31309218282,0.0
1.05888350396,1.02874231833,0.0
1.06680031717,1.47171322603,0.0
1.23725584881,1.39663412971,0.0
1.79827919267,1.44596754376,0.0
1.59116653092,1.07438198102,0.0
1.1355593833,1.45686962995,0.0
2.05281571547,1.94308920068,0.0
1.81987441632,1.59279695211,0.0
1.78540305767,1.52527245926,0.0
1.7212291078,1.23547814413,0.0
1.65889327708,1.54219453493,0.0
1.65753502523,2.27664862688,0.0
1.46156492893,1.18221793351,0.0
1.51958084713,1.24642639036,0.0
0.919564072874,1.25802069714,0.0
1.49680513711,1.20704723077,0.0
1.54288114875,1.58089057485,0.0
1.5073598036,1.67874568666,0.0
1.13838800692,1.6847946265,0.0
1.18837631584,1.67092479311,0.0
1.42369367761,1.09306368483,0.0
1.5025990233,2.23608082879,0.0
1.98593927086,1.56643388234,0.0
1.18418299866,1.49606013606,0.0
1.34340543098,1.41007846785,0.0
1.38424981635,1.38535311714,0.0
1.54516401596,0.709342254549,0.0
1.34726064319,1.49165780935,0.0
1.09743067545,1.25178178965,0.0
1.09332494124,0.881223668951,0.0
1.38990422996,1.35698770929,0.0
1.51786733707,1.22927917413,0.0
1.50735064419,1.01488093132,0.0
1.5727642467,0.702254675832,0.0
1.14188960498,1.02742485453,0.0
0.92786908826,1.80604109694,0.0
1.80142810384,1.09777580664,0.0
1.38181589988,1.69313704513,0.0
1.1147255432,1.64246117052,0.0
0.853400647375,1.66750845557,0.0
1.48872840371,1.39457135092,0.0
1.74897302906,1.55791086931,0.0
1.17378124028,1.2994828859,0.0
1.25442818028,0.897423965156,0.0
1.34247288455,1.812632723,0.0
1.50631312515,1.5782796389,0.0
1.14694520454,1.77635681197,0.0
1.79836906857,1.51149323042,0.0
1.6172547173,1.58203526139,0.0
1.51186177528,1.41963803063,0.0
1.00978774609,0.48885038271,0.0
1.31599764303,1.12366099351,0.0
1.13496931841,0.912422077267,0.0
1.57802740796,1.96639069396,0.0
1.48719199856,0.935109931569,0.0
1.71147332747,1.22930907138,0.0
1.28267235278,1.85787161427,0.0
1.67011410299,1.35083032673,0.0
1.528649697,1.38455608331,0.0
1.58401103907,1.20250335695,0.0
1.4924533028,0.90074224675,0.0
2.03263310595,0.965183152606,0.0
1.18599708318,1.29905057258,0.0
1.15758680701,1.64988941652,0.0
1.63028598711,1.72145722574,0.0
1.355549011,1.42314172063,0.0
1.48938178001,1.43897261601,0.0
1.74766582385,1.11538602269,0.0
0.988405816205,1.46809679271,0.0
1.05214265966,1.50323529164,0.0
1.58823140797,1.23728998352,0.0
1.46692257342,1.2636339939,0.0
1.51355829185,1.59495922597,0.0
1.55583253388,1.22651966963,0.0
2.21829858339,1.64116001913,0.0
1.26105115797,1.59543134695,0.0
1.11963908918,1.4771999082,0.0
1.8275640888,1.60448626577,0.0
1.34126080743,1.33431733368,0.0
1.77901094495,1.44771330993,0.0
1.3186250052,0.5262100332,0.0
1.50244060864,1.59558999031,0.0
1.12459066973,1.08011609583,0.0
1.56129077824,0.875931634369,0.0
1.17847971036,2.00641752572,0.0
1.20719163154,1.70825361919,0.0
1.28927099314,1.72522948597,0.0
1.07526864773,1.72984905463,0.0
1.04085919498,1.00439330026,0.0
2.11545056555,0.737500747263,0.0
1.29611422891,1.48019057774,0.0
1.39731058561,1.61303926797,0.0
0.849955525643,0.872410275425,0.0
1.62962296362,1.34310552576,0.0
1.52404989778,1.03216911707,0.0
1.20154061486,1.44303770779,0.0
1.3457436036,0.804686858409,0.0
1.2451904305,1.32367348234,0.0
1.20837399147,1.01953808407,0.0
1.65902041613,1.58804450504,0.0
1.9037621686,1.20995975891,0.0
1.3832643273,1.22500420034,0.0
1.20395615542,1.68967938361,0.0
1.27884011653,2.08117024382,0.0
2.00997795561,1.12180588554,0.0
1.17233025665,1.40803253656,0.0
1.1309134896,1.32169377973,0.0
1.38357456266,1.42883977226,0.0
1.48686883241,1.30416813314,0.0
1.10449791521,1.42652039202,0.0
0.769451969228,1.32919301755,0.0
1.24155437893,1.15396419805,0.0
1.33830730613,0.895552785084,0.0
1.24860014344,2.06180933973,0.0
0.848592260189,1.60614869379,0.0
1.0901147253,1.34570881034,0.0
0.997937007401,1.34017566028,0.0
0.987675132752,1.19061419949,0.0
1.7990230648,1.64449274628,0.0
1.33057273794,1.61384735526,0.0
1.21946218894,1.88468066748,0.0
1.75609957415,1.49200314835,0.0
1.20503899354,1.71986328233,0.0
1.38750747349,1.54063476834,0.0
1.53333853676,1.06003365575,0.0
1.26484356652,1.02690510548,0.0
1.21997154133,1.49170243016,0.0
1.26355339038,1.57486507687,0.0
0.686911087771,1.00163292878,0.0
1.27042588847,1.14634976031,0.0
1.78128599327,1.43352642385,0.0
1.32439985329,1.41044572244,0.0
1.5646532747,1.44047086477,0.0
0.896420169861,1.38782180909,0.0
1.62074310518,1.32779403511,0.0
1.0591695896,1.66636312463,0.0
1.25809938326,1.76639769591,0.0
1.92972259477,0.72468401396,0.0
1.7756599374,1.49919859577,0.0
1.55213841157,1.34732895497,0.0
1.22346771099,0.625085758064,0.0
1.47995726221,0.903645303579,0.0
1.29074501969,1.01957126392,0.0
1.10004863808,1.75069430641,0.0
1.45091704726,1.80191930688,0.0
1.87390967167,1.25848073661,0.0
0.979363388549,0.898281863277,0.0
0.972429861059,0.979314722764,0.0
1.8898873846,1.30528599383,0.0
1.29239042544,1.46492372799,0.0
1.70386204461,1.36497466955,0.0
1.68997220038,1.75802203984,0.0
1.91986384436,1.26903975757,0.0
1.19253667602,0.660874054221,0.0
1.40259673108,1.04276138949,0.0
1.26218395608,0.689290488315,0.0
1.05243288984,0.83874053656,0.0
2.01233147764,1.24880365499,0.0
1.03696791308,1.1411316011,0.0
1.38132054901,1.24635117155,0.0
1.38599559817,1.68227681434,0.0
1.17359851117,1.45025967464,0.0
1.77714158065,1.07418767297,0.0
1.50117922877,1.9572426588,0.0
1.73916346349,1.40183609624,0.0
1.96902501378,1.12436821637,0.0
1.38993377754,1.44413435941,0.0
1.09439682549,1.7066400153,0.0
1.72951104509,1.66987012176,0.0
1.35183809304,1.3247149232,0.0
1.30244093907,0.998152873434,0.0
1.54255456418,0.77442837275,0.0
1.30198390336,1.61539269694,0.0
1.25600107352,1.66257980624,0.0
1.471664411,1.50956538075,0.0
1.29912767663,1.63107781636,0.0
1.0117532619,1.11572821839,0.0
1.72664253819,1.35302569587,0.0
1.12183239741,1.31860318545,0.0
1.49405893904,1.53791703863,0.0
0.965360435026,1.76930291359,0.0
1.91561958832,1.59710725129,0.0
1.17519391981,1.0637306477,0.0
1.30179389059,1.31911044194,0.0
1.92203128154,1.91797470636,0.0
1.5796595221,1.76611958012,0.0
1.91332625553,1.69947337404,0.0
1.48536582145,1.04738501464,0.0
1.26596999209,1.58844118253,0.0
1.83396093524,1.70240936488,0.0
1.37551749792,1.2982784777,0.0
2.10455020819,1.26663341264,0.0
1.70155768545,1.30990412744,0.0
1.30642622182,1.38984512661,0.0
1.5001939632,1.63328326199,0.0
1.31762976977,1.13604074768,0.0
0.97640458526,1.15669595242,0.0
1.03860308009,0.945554456442,0.0
2.43983315885,1.69627769687,0.0
1.13409761582,1.62398916327,0.0
1.28434697155,1.07539167887,0.0
1.04500395535,1.34790698083,0.0
1.61774580479,1.03297734249,0.0
1.34598262242,1.36083333938,0.0
1.34850117511,1.73235389448,0.0
1.68952441593,1.85804760779,0.0
1.72787195674,1.36189717557,0.0
1.24944668533,0.871661194947,0.0
1.24963681826,1.40818262076,0.0
1.31691973886,1.17476643702,0.0
1.39698082154,1.65599490751,0.0
1.61887378705,1.50387895308,0.0
1.40063952237,0.905656262548,0.0
1.44788862712,1.47872973387,0.0
1.06990962456,0.916062684452,0.0
1.74678101969,1.363351579,0.0
1.26646348133,1.28368269608,0.0
1.54489691152,1.44366561086,0.0
1.4764908535,2.16483016882,0.0
1.57560404191,1.13327151048,0.0
1.3882903115,1.58538019346,0.0
1.36687115679,1.18544959313,0.0
1.72602690513,0.724122651322,0.0
1.48061626793,1.33814424158,0.0
1.84225788362,1.15549936763,0.0
2.06214002987,1.04687532627,0.0
1.45901837455,2.24177945413,0.0
1.16433408627,1.96570644777,0.0
1.85472230907,1.51374895002,0.0
1.82359571671,1.61371790544,0.0
1.08561968186,1.387309505,0.0
1.47238449412,1.25815230894,0.0
1.26121734834,1.76062888754,0.0
1.59137650236,1.28936433439,0.0
0.876541343379,1.23140655931,0.0
1.9690095785,0.999137445329,0.0
1.04637098739,1.44355280496,0.0
1.38485933046,1.51521897559,0.0
1.73651723161,1.15117614074,0.0
1.59322100719,1.32202709596,0.0
1.34822753327,1.85336553295,0.0
0.971855694099,1.60230134256,0.0
1.23666813148,1.01222562104,0.0
1.20013424337,1.22120410904,0.0
1.57583300963,1.3921851552,0.0
1.80163691838,1.18676618079,0.0
0.802596775855,0.675336673714,0.0
1.24139573954,1.29607129934,0.0
1.65356263773,1.14001996128,0.0
1.64656795734,1.45441814549,0.0
1.23592822906,1.12684450402,0.0
1.46103748365,1.08708979854,0.0
0.842688356519,1.26770397654,0.0
1.55717484417,1.12363086003,0.0
1.15995286097,1.31062634484,0.0
2.04292543865,1.21681978726,0.0
1.65977762021,2.62143862318,0.0
1.49959046535,1.71922555211,0.0
1.35241089481,1.75726193624,0.0
1.26721216108,1.55947869887,0.0
0.93891075832,1.74179029256,0.0
1.31559757118,1.22076186933,0.0
1.65549795848,1.74995738814,0.0
1.80474192418,1.16122860606,0.0
1.76742000007,1.21238000878,0.0
1.82958577593,1.76864648839,0.0
1.84333281249,1.63556844981,0.0
1.91363267364,1.46159404693,0.0
1.29615007121,1.50443273214,0.0
1.14115273617,1.51911770094,0.0
1.60951557397,1.27991842505,0.0
2.20656993479,1.7912377749,0.0
1.8188874924,1.53303847964,0.0
1.2520691035,1.29402938055,0.0
1.78924740567,1.28361532435,0.0
1.80444677671,1.59048195342,0.0
1.37681747996,1.03228361031,0.0
0.900676391364,0.553497610333,0.0
1.66216560255,1.46553537615,0.0
1.65280203038,1.33784168194,0.0
1.2834899814,1.12317192011,0.0
1.14462836827,1.86345082966,0.0
1.36382167257,0.943220752881,0.0
1.53549586944,1.41867094099,0.0
1.46502591624,1.95422749887,0.0
1.45351588047,1.51926552316,0.0
1.11401368405,1.19248997243,0.0
1.56370046414,1.36080323385,0.0
1.04234258536,1.34245100242,0.0
1.48899256172,1.66492294341,0.0
1.02693300625,0.933620152855,0.0
1.40349807702,1.4058486792,0.0
0.787350151879,0.831276946706,0.0
1.06315692125,1.48721268612,0.0
1.41449378993,1.21312715047,0.0
1.51256832402,1.10976537124,0.0
1.23765092386,1.44480467195,0.0
1.54964144328,1.15558514076,0.0
1.64241882484,1.07803050374,0.0
1.37671666106,1.73568177994,0.0
1.9555426923,1.53251808923,0.0
1.26480068381,2.16895106478,0.0
0.746756526942,1.09039278222,0.0
1.30275172757,1.60324646481,0.0
1.68720616784,1.62042188304,0.0
1.47818004032,1.97154980467,0.0
1.43271824558,1.40452385249,0.0
0.587400408892,1.79861257668,0.0
1.29057201589,1.65571466996,0.0
1.51162326839,0.95017471738,0.0
1.51882982615,1.32944343155,0.0
1.97337748482,1.90333400278,0.0
1.43722234342,1.90816213281,0.0
1.66410794577,2.04031737338,0.0
1.20092900375,1.59351203357,0.0
1.82296707897,1.03951284895,0.0
1.4289715062,0.898850609548,0.0
1.65370171439,1.12731115852,0.0
1.97788886278,1.24810466056,0.0
0.937404558897,1.39801562685,0.0
1.35283117875,1.33590449823,0.0
1.60408754276,2.02779870031,0.0
1.93411951812,1.5060725531,0.0
1.5103507159,1.11807758822,0.0
1.56465904511,1.70252366732,0.0
1.43057500253,1.66923343175,0.0
1.47558857343,1.24048251255,0.0
1.25259468813,1.48395591979,0.0
2.24219557614,1.6314810274,0.0
1.85162896769,1.51090594768,0.0
1.11755406568,1.50123498575,0.0
1.4500493101,1.217471998,0.0
0.88388847036,1.58270428839,0.0
1.6733852656,1.24756889436,0.0
1.36451707188,1.18703916856,0.0
2.01186475606,1.65125527664,0.0
1.22387575058,1.07404704349,0.0
1.57377632194,1.15460958539,0.0
1.48978892307,0.862036380651,0.0
1.08914453537,0.660044534726,0.0
1.69645590656,2.17349802346,0.0
1.93016758324,1.20318466974,0.0
1.36504530578,1.11184923672,0.0
1.22122793997,1.46834834683,0.0
1.51261449406,1.41560284572,0.0
1.32183401088,1.3779421506,0.0
1.90805659045,1.65144567747,0.0
1.04378989572,1.19614114807,0.0
1.39349784722,1.10025784381,0.0
1.48507011162,0.476011956628,1.0
1.29123085701,-0.0588654777643,1.0
1.29449535553,0.28961760537,1.0
1.63450488965,0.00779312200439,1.0
0.945064556104,0.557178800412,1.0
0.957097075825,0.58056763796,1.0
1.33926416123,0.151665299236,1.0
1.49908546766,0.14920617797,1.0
1.55090814165,0.190140607419,1.0
0.923714198548,0.217470493326,1.0
0.812629294968,0.625865598332,1.0
1.46788156136,0.451222657722,1.0
1.50654974454,0.0532213931122,1.0
1.42754452711,-0.211278085643,1.0
1.06126815228,0.0830695188198,1.0
1.34484263521,-0.257110722656,1.0
1.32336572712,0.18483856585,1.0
1.67373604271,0.598585751225,1.0
0.658970813221,-0.570174217536,1.0
1.87474957317,0.850292813795,1.0
1.2607451304,0.0389614696206,1.0
1.27500387001,0.10612124317,1.0
1.22513315219,0.201026547418,1.0
1.91138302167,-0.162445162213,1.0
1.68191525531,0.137901077318,1.0
1.48241068098,0.496704023298,1.0
1.05677774034,0.398844752345,1.0
1.56647519322,0.220887869282,1.0
1.06483617315,0.742674604817,1.0
1.02928815593,0.154471976083,1.0
1.2062408152,0.254707325371,1.0
1.42006341181,0.33096103261,1.0
1.32130178414,-0.0921802232819,1.0
1.4586971385,0.382797678701,1.0
1.50535482912,0.947395647009,1.0
1.5197632805,0.104884936972,1.0
1.31992975404,0.526966221386,1.0
1.31830305597,0.00352616523254,1.0
1.51393544449,-0.345306288842,1.0
1.75013755804,0.543677722259,1.0
1.21085341436,-0.0010775945519,1.0
1.535532464,0.328536588132,1.0
1.8196943867,-0.320833119013,1.0
1.58977035917,0.293345904846,1.0
1.64385177405,0.834826136383,1.0
1.45971898462,0.375827509704,1.0
1.7426328285,0.50842024262,1.0
1.34765516639,0.345149634495,1.0
1.66535591341,0.01117474546,1.0
1.0839609974,0.030961498655,1.0
2.26307030239,0.486283315041,1.0
1.44908265278,0.0449923028719,1.0
1.44100392695,0.446775519852,1.0
1.46907244738,0.198098506057,1.0
1.59136596425,0.753662858287,1.0
1.68059396641,0.241451720341,1.0
1.39161874097,0.00503516705338,1.0
1.42368575,0.0729619223684,1.0
1.36122277652,0.398794025158,1.0
1.38281514326,0.037461438468,1.0
1.26425436751,0.23780883029,1.0
1.15176326464,0.315043501147,1.0
1.67432768232,0.27617456906,1.0
1.74101746122,0.199904169701,1.0
1.61966541285,0.0968998741704,1.0
1.45819716678,-0.246847817516,1.0
1.57806614156,0.365676805728,1.0
1.45065784329,0.620647180978,1.0
1.16168210828,-0.249117690797,1.0
1.58081294823,0.00615785670692,1.0
1.74869354446,0.949180804392,1.0
1.47800884374,0.207890340602,1.0
1.29095228908,-0.00845944594525,1.0
1.22686187478,0.0255696292078,1.0
0.987789955796,-0.0336268867344,1.0
1.30253453455,0.526086295885,1.0
1.71310239742,0.337175323277,1.0
1.68627338667,-0.241787765503,1.0
0.917956083282,-0.112213620617,1.0
2.00528526593,0.153372004652,1.0
1.01281230195,0.202886413517,1.0
1.51290288498,0.851272019221,1.0
1.07409159329,0.185575933268,1.0
1.47615819213,0.0657623325951,1.0
1.47799428933,0.00335832361496,1.0
1.90149791363,0.444924550821,1.0
1.63532507505,-0.0645920005067,1.0
1.04171370772,0.634073561881,1.0
1.30702349582,-0.126455459737,1.0
1.17260073315,0.0299179275102,1.0
1.56097912947,0.166889912665,1.0
1.3293449455,0.266246860098,1.0
1.71241788828,-0.334666640173,1.0
1.55537755622,0.1950182088,1.0
1.29107024357,0.205192620695,1.0
1.25457988655,0.916882611535,1.0
1.56326497706,0.183354336518,1.0
1.47772603323,-0.383457868986,1.0
1.61171589675,-0.205205576378,1.0
1.69276072907,0.0145091326904,1.0
0.79678275539,-0.421278287285,1.0
1.22088244646,0.435251758724,1.0
1.70687254511,-0.117376291586,1.0
1.54720231343,0.139762444652,1.0
1.35011714973,0.202364291292,1.0
1.52593215032,-0.23575240843,1.0
1.55313251435,-0.194288933524,1.0
0.867205861642,0.10759295986,1.0
1.4578893225,-0.0395295539716,1.0
2.00928703686,0.354989649821,1.0
1.83053564261,0.427262114085,1.0
1.40578637147,0.250700156935,1.0
1.55410891159,0.0543968936852,1.0
0.758733918256,0.546906808823,1.0
1.35040615632,-0.440517632082,1.0
1.72837671665,0.0106554246364,1.0
1.78910399214,0.207440275887,1.0
1.66758817562,0.344953254198,1.0
2.09120655565,-0.194450395124,1.0
1.98440276889,0.449935954131,1.0
1.15138308243,0.523399546418,1.0
1.40583030673,0.252973656485,1.0
0.912475141334,0.136395155839,1.0
0.91625684167,0.397293423595,1.0
1.73072343303,-0.224650620023,1.0
1.55163503164,0.0365926255593,1.0
1.08549631578,0.463648428033,1.0
1.43941906233,0.731131205757,1.0
1.72033744828,0.18716544594,1.0
1.54777119485,0.659042636002,1.0
1.19341960103,-0.173628645203,1.0
1.62207616519,0.236695344828,1.0
1.61193958513,0.105959371883,1.0
1.05942591289,0.0205258490464,1.0
1.14924246307,0.627390666301,1.0
1.63714256397,0.189841029075,1.0
1.09819931628,0.0294195000182,1.0
1.0099934976,0.419034166877,1.0
1.3792060257,0.0934985982285,1.0
1.27685394699,0.463611814797,1.0
1.81052200501,0.674277961843,1.0
1.24822889694,-0.138683114359,1.0
0.649020875906,0.0294210038363,1.0
1.25291324213,0.205087313639,1.0
1.79680465149,0.288742172923,1.0
1.40222182429,0.486705381317,1.0
1.28355949537,0.388355460526,1.0
1.90522021133,-0.0850887654495,1.0
1.33449364445,0.357725092296,1.0
1.43221231174,0.358534289405,1.0
1.40605233133,0.49184473138,1.0
1.73173745005,0.551843082927,1.0
1.49410572521,0.480612881004,1.0
1.22714409597,-0.105223014472,1.0
1.72943458282,0.219485934906,1.0
1.95784495093,-0.193348415569,1.0
1.61517429069,0.629811616131,1.0
0.926944219785,0.48721869147,1.0
1.36635056249,0.684236698292,1.0
1.00329079437,0.642218341332,1.0
1.24153218799,0.631443877532,1.0
0.962902786512,0.237188870868,1.0
1.31061212127,0.136701096618,1.0
1.07408556058,0.136352069757,1.0
1.26837135736,0.317689325414,1.0
1.24757361463,-0.442004636499,1.0
1.19402635464,0.144828252139,1.0
1.66830629579,0.359915588379,1.0
1.35980436247,0.699643276849,1.0
1.47561781245,0.546116742169,1.0
1.39150981954,0.370736971002,1.0
1.38904328832,0.40268260907,1.0
1.38551185415,0.877219802766,1.0
1.77281269621,-0.0271783047745,1.0
1.11694405904,-0.00723004899973,1.0
1.61696362299,0.0719110852712,1.0
1.33695856715,-0.108323625771,1.0
0.716404229595,0.679907985597,1.0
1.95420493226,-0.188262116309,1.0
1.43280309285,0.274275036215,1.0
1.38514240213,-0.0356599272947,1.0
1.82739944774,0.473863606694,1.0
1.42662269907,-0.331269018405,1.0
1.40236640739,-0.0461321269359,1.0
1.11627647385,-0.424804775456,1.0
1.49221614762,0.263129214692,1.0
1.41243068161,0.0632313140015,1.0
0.956448605241,0.278174888939,1.0
1.64106227727,0.138255103961,1.0
0.632925935802,0.364217448307,1.0
1.07882566306,0.407328014287,1.0
1.80823275037,0.20531559712,1.0
1.53370129841,1.15493444917,1.0
1.44960358382,0.616114059534,1.0
1.56760143401,0.0475627504382,1.0
1.81269563861,0.322512597253,1.0
2.18532694426,0.20271413595,1.0
1.26348833717,-0.270401255465,1.0
1.41250770566,0.184346709252,1.0
1.27486782464,0.0825732044045,1.0
1.56574906887,0.265122339598,1.0
1.43684322196,-0.157192406731,1.0
1.21686182772,0.520177745192,1.0
1.69894259362,-0.355284373458,1.0
1.22102279272,0.000923911670426,1.0
1.95053885768,-0.000317771825395,1.0
1.60159979004,-0.0108943406799,1.0
1.2619674281,0.162344266205,1.0
1.26006853675,0.126638651495,1.0
1.40816891771,0.183508032856,1.0
1.48909948956,-0.327518279947,1.0
1.82898435123,0.464782960134,1.0
1.36371374527,-0.283081656762,1.0
1.16904224131,0.793425653949,1.0
1.43324009754,-0.0979621123642,1.0
1.89637026731,0.267212336707,1.0
1.44406755722,0.481715921544,1.0
1.21433247657,0.175353099066,1.0
1.11050048866,-0.109618606644,1.0
1.02798968764,0.150519281241,1.0
1.89615011183,-0.138328764849,1.0
1.69129805507,0.306506397481,1.0
1.48903084492,0.7125387773,1.0
1.42660462284,-0.637872560493,1.0
1.35087925173,0.172412788525,1.0
1.21129392744,0.181506358171,1.0
1.29125079114,0.0952608314362,1.0
1.42719366149,0.104826231585,1.0
1.72520734174,0.284356487474,1.0
1.43584859606,0.683721616446,1.0
1.58506692362,0.4492475012,1.0
1.08831320895,-0.00576101341171,1.0
2.09074701852,0.248837274237,1.0
1.04822631536,-0.201112812817,1.0
1.60054930917,-0.0842694670373,1.0
1.35385256254,0.154840018189,1.0
1.28114434829,0.292638020064,1.0
1.72644117813,0.270042319885,1.0
0.707248982333,0.544308398736,1.0
1.60625807089,-0.0453520981901,1.0
1.28676574522,0.0443148551317,1.0
1.04092234992,-0.361107693807,1.0
1.46623886707,-0.00591083279619,1.0
1.29565426199,0.19249863575,1.0
1.52991673259,0.463531228113,1.0
1.51617849797,-0.0128531265674,1.0
1.70239553681,0.467513489283,1.0
1.72267131294,-0.245759471568,1.0
0.736343467037,0.0691021866698,1.0
1.12836408991,0.242215536326,1.0
1.32952366374,-0.15832971781,1.0
1.67177028965,0.129074920163,1.0
1.4158797965,0.0764776181689,1.0
1.39270990354,-0.100844879623,1.0
1.27806419852,-0.0415399799224,1.0
1.14141153782,0.479760695107,1.0
1.73869153951,0.28282037051,1.0
1.26863062681,-0.0545661008973,1.0
1.05566774168,-0.0695972908076,1.0
2.04504208647,0.309280572982,1.0
1.11366949026,0.813856011068,1.0
1.791532366,-0.0792642641256,1.0
1.77540946366,0.229351111957,1.0
0.900904811228,0.106227913844,1.0
1.68756318285,-0.134991714252,1.0
1.56935528456,0.770103600773,1.0
1.1752809184,-0.151254840567,1.0
1.45294952077,0.261433362715,1.0
1.44165465142,-0.0192443378027,1.0
1.49413099965,0.345470357449,1.0
1.56765751208,-0.108956802074,1.0
0.981468956664,-0.0694488232194,1.0
1.59314607592,-0.503152416547,1.0
2.23716544383,0.658040248157,1.0
1.55782710017,0.130255237435,1.0
1.08615783756,0.246628480482,1.0
1.48574153559,0.19064615194,1.0
1.33905988382,-0.282628759769,1.0
1.57651651593,-0.376836445029,1.0
1.42153667858,-0.0106309953143,1.0
1.67107453643,0.025157839329,1.0
2.06172440164,0.967815202392,1.0
1.31542775553,0.360612383743,1.0
2.08186396757,-0.28664176484,1.0
1.50729535951,0.225494674498,1.0
1.74142371258,0.139987093214,1.0
0.69330239699,-0.388046715519,1.0
1.38062662398,0.403867341499,1.0
1.51036835504,0.197200646699,1.0
1.29207398911,0.313220680521,1.0
1.30310380988,0.128027260966,1.0
1.90392975048,0.538644264312,1.0
1.01065673961,-0.0854666834684,1.0
1.08539025164,0.248411890405,1.0
1.10629707569,0.156207558342,1.0
1.41501707845,0.38853348524,1.0
1.60456482986,0.262014421845,1.0
1.20942451078,0.308469145664,1.0
1.67267017588,-0.104759196426,1.0
1.73638097912,0.507963034896,1.0
1.53175529957,0.286946849733,1.0
1.31088362454,0.320785670968,1.0
1.39901536963,0.516615535088,1.0
1.56089204871,0.322551571187,1.0
1.34044810695,0.376797195558,1.0
1.06053978236,-0.420599576774,1.0
1.31401329846,0.0487338428613,1.0
1.52843286336,-0.134121531825,1.0
1.40077034922,0.399186177665,1.0
1.20634711537,0.407056008882,1.0
1.5008373703,0.415045148715,1.0
1.55479735662,-0.653685734131,1.0
1.46922385673,0.513568099094,1.0
1.25534000519,0.379738581841,1.0
2.20639714649,-0.186270391878,1.0
0.904962792502,0.309004714571,1.0
1.25349318338,0.115674887195,1.0
0.682562204917,0.661672148088,1.0
1.30390306626,0.492976437499,1.0
0.934692150393,0.521417514858,1.0
1.80544756683,0.354956730177,1.0
1.77656033969,0.413199723456,1.0
1.50068206242,0.428058955336,1.0
0.778435604075,-0.0678008611339,1.0
1.62549879421,0.47125341296,1.0
1.4022188213,0.437244471907,1.0
1.52152865339,1.16149661589,1.0
1.25323884459,0.289791393894,1.0
1.58043747878,0.256251346174,1.0
1.23889620362,-0.0620195131975,1.0
1.02059909344,0.161874073661,1.0
0.953824080433,0.358391756858,1.0
1.23475628474,0.105042525505,1.0
1.05546743239,0.513143864435,1.0
1.43645914996,-0.306840954615,1.0
1.25642812332,0.984046872272,1.0
1.52863688106,0.503869327069,1.0
1.89152487606,-0.391827242622,1.0
1.39808277419,0.261179430656,1.0
1.2002316862,0.644414084979,1.0
1.54717274919,-0.542770393935,1.0
1.29452029874,-0.245895398381,1.0
1.43068546426,0.440489700002,1.0
1.2259381413,0.146016319326,1.0
1.14474424734,0.113698466352,1.0
1.27899280071,0.256669317526,1.0
1.40787838472,-0.16503630962,1.0
1.48063791844,0.818793869889,1.0
1.18745316086,0.0378001032059,1.0
1.64948263286,0.123777286806,1.0
1.49950691006,0.126265146505,1.0
1.38474425775,0.374997385785,1.0
1.55917615376,-0.0582780162449,1.0
1.52346917688,0.261016241638,1.0
1.83670753474,0.452932803194,1.0
1.01704407536,0.273390033064,1.0
1.2298460618,-0.0786171426679,1.0
0.828661932143,0.112575971269,1.0
1.369629332,0.427670649141,1.0
1.16040668669,0.688617462027,1.0
1.34111609428,0.830335553012,1.0
1.42670761339,0.474692054715,1.0
1.14939176478,0.187879669534,1.0
1.8869895115,0.336313279942,1.0
1.44006719608,0.546862473864,1.0
2.17928821926,0.116046402324,1.0
1.40536401207,0.529014852559,1.0
1.89435818785,0.122949017715,1.0
1.06363861718,0.788771955916,1.0
1.20324665904,-0.303955504978,1.0
1.69300122043,0.383206699008,1.0
1.11524405248,-0.376118850727,1.0
1.63833020828,0.229352282346,1.0
1.8341707885,0.0860073915762,1.0
1.31416744047,0.199222760843,1.0
1.00126714158,0.099817305406,1.0
1.31424050942,0.243796025316,1.0
1.62374684511,0.679508846842,1.0
1.18905576712,0.0730676886191,1.0
0.924275415371,0.939634149517,1.0
1.3518794067,0.542118639331,1.0
1.10526715587,0.190966602482,1.0
1.69713792769,0.0432330121432,1.0
1.14454462157,0.405157129175,1.0
1.45939212192,0.381932255397,1.0
0.961601247197,0.399264028125,1.0
1.90926053178,0.332741638906,1.0
1.09106550932,0.257158420329,1.0
1.7228668366,0.282165364885,1.0
1.86029923906,0.11577163427,1.0
1.33717231055,0.119221356728,1.0
1.06442147377,0.362593982206,1.0
1.37538681018,0.879505809347,1.0
1.05739889088,0.72532388977,1.0
1.68451137099,0.376715468606,1.0
1.0706855979,0.322355981232,1.0
1.57630406579,-0.425983163471,1.0
1.19103782579,-0.0239143632204,1.0
1.15599941903,0.419229029715,1.0
1.39642270733,0.302929328912,1.0
1.50957110245,0.26469196715,1.0
1.42807666096,0.418342145847,1.0
1.36647857834,-0.214377099968,1.0
0.891708148505,-0.0540859735084,1.0
1.54193594148,0.174112496701,1.0
1.311222155,0.368039140663,1.0
1.373801684,-0.377758343386,1.0
1.42250236123,-0.360235178691,1.0
1.90140223667,0.331921905525,1.0
0.996639874306,0.139400075348,1.0
1.5371138659,0.168365523642,1.0
1.51345679574,0.215523190425,1.0
1.24107452082,0.542193297008,1.0
1.54666096873,0.391213930979,1.0
1.34658555049,0.084511885702,1.0
1.46475129106,0.35322873471,1.0
1.04351683866,0.476643966386,1.0
1.59893089371,0.177097623501,1.0
1.54501086919,-0.201798502003,1.0
0.88211461271,0.359394165786,1.0
1.51759417217,0.355774411224,1.0
1.82339699516,0.743348238737,1.0
1.67774172533,0.339912465841,1.0
1.31523571898,0.0158987545963,1.0
1.65740793003,-0.399194567975,1.0
0.861111961312,0.0111750413191,1.0
1.05252990896,0.292762597751,1.0
1.75835693868,-0.171287532038,1.0
1.67501756772,-0.382734512302,1.0
1.39937373816,-0.186458871187,1.0
1.164304565,-0.0121929276791,1.0
1.15501598245,0.652147589672,1.0
1.28432214773,0.222438057487,1.0
1.11200759412,0.00276932941164,1.0
1.41969898802,0.29679670297,1.0
1.13458860812,0.389109131495,1.0
1.90575015703,-0.0317441048156,1.0
1.70687502551,0.21595969882,1.0
1.55076898893,0.454342138779,1.0
0.682100489042,0.297281089885,1.0
1.56571600781,-0.0269072345817,1.0
0.518142980714,0.361009157673,1.0
1.77196611664,0.222544441758,1.0
1.58660661379,0.110549611882,1.0
1.39911243607,0.323287461348,1.0
1.20983508656,0.304463288421,1.0
1.38978801905,-0.0121330384766,1.0
1.96755946044,-0.36133347186,1.0
1.56247762067,0.228164589016,1.0
1.75600966429,-0.432453164436,1.0
1.00847615463,0.732737303285,1.0
1.80218353169,0.179326578293,1.0
0.980853532989,0.103305617769,1.0
1.35455990349,-0.019904474094,1.0
1.30751401921,0.0676026034379,1.0
2.05384550057,0.0691526619261,1.0
1.79191036799,0.251390701505,1.0
1.35036610579,0.239331040399,1.0
1.5710183955,0.505857084472,1.0
1.05986733709,0.38060396644,1.0
1.48929400834,0.445443649177,1.0
1.22472669483,0.142582326738,1.0
1.58989354567,0.440919396388,1.0
1.29481272366,0.421013628943,1.0
1.32636431726,-0.132410966435,1.0
1.33149102582,0.364893292369,1.0
1.26208215929,0.0695957112115,1.0
1.59717383931,0.546125999699,1.0
1.54123278528,0.455096395947,1.0
2.00155191424,-0.122201434018,1.0
1.75893340366,-0.351210111041,1.0
0.715127772749,-0.271870453439,1.0
1.36193380826,0.816938760749,1.0
1.51533747017,0.677988226574,1.0
1.19159728223,0.730815570597,1.0
0.999649206203,0.373139189881,1.0
1.05160470052,-0.00936452257856,1.0
2.11438932179,-0.182807031207,1.0
1.18139578496,0.0877168952295,1.0
1.77747124507,0.271490465085,1.0
1.65691371675,0.0417243855992,1.0
1.13384601461,-0.00781954271634,1.0
1.23422017778,0.303319454236,1.0
1.16438080925,-0.0540428488026,1.0
1.245051343,0.609863267377,1.0
1.84473712536,0.188784990066,1.0
1.48158399739,-0.258791091159,1.0
1.43909040003,0.450588899187,1.0
1.29656375463,0.534666458022,1.0
1.21127590047,0.108574307765,1.0
1.07079451946,0.93645866138,1.0
1.04408032445,0.231039368983,1.0
1.37659888194,0.283136432533,1.0
1.50930316777,0.150037402404,1.0
2.07647990896,0.517632726238,1.0
1.49820978238,-0.269351930699,1.0
1.29803348733,0.864945140652,1.0
1.7357723216,0.429779944992,1.0
1.35228864725,0.0992052192494,1.0
1.58824322214,0.549285341766,1.0
0.282355008145,0.796366707021,1.0
0.105070079296,1.11422287511,1.0
0.204895745322,1.52093153037,1.0
0.621704117399,1.35111876352,1.0
0.0509235390888,1.69226394626,1.0
-0.465723939939,1.4169050749,1.0
0.666108570159,1.19370519679,1.0
0.138736660688,1.13482994075,1.0
0.861737168533,1.41377305436,1.0
0.0564255930738,1.80291350704,1.0
0.408492722584,1.55220013538,1.0
0.270752122008,1.12821043517,1.0
0.386669063564,0.882561048663,1.0
0.199618103697,1.66933050789,1.0
0.27223429379,2.05163948745,1.0
0.11386140581,2.20729970768,1.0
0.380231293104,1.32364052092,1.0
0.287196564787,1.73792279167,1.0
-0.0508722804999,1.49293292028,1.0
0.98940475075,1.35525597404,1.0
-0.283431300952,1.17873540615,1.0
0.0979472427165,1.23429363421,1.0
0.0597958256869,1.47453281139,1.0
-0.218520145555,0.789162755083,1.0
0.407808182118,1.02553012141,1.0
0.356658724799,1.32540315851,1.0
0.638839343924,1.56657856316,1.0
0.527579685159,1.06894575088,1.0
0.0831257845278,1.37243026478,1.0
-0.492975845945,1.44115310842,1.0
0.714286033523,0.922766908171,1.0
0.511642179517,1.78642801563,1.0
-0.0548012982766,1.40022598578,1.0
0.196830705808,1.17657745543,1.0
0.420765900512,1.51981310005,1.0
0.318389713137,1.20998199249,1.0
0.0120426602948,1.35699351043,1.0
-0.223662406532,1.76079001046,1.0
0.610442924172,1.17305260552,1.0
0.222667464415,1.79551304428,1.0
-0.00473061351172,1.25209292459,1.0
0.701557908828,1.57955436412,1.0
0.116060796776,1.85039991114,1.0
0.201162385867,1.12231974515,1.0
-0.0323970937293,1.3786904457,1.0
-0.199475339349,0.962374950543,1.0
0.334135253782,0.953884732701,1.0
0.54630639859,1.95313678286,1.0
0.408269076315,1.68647048847,1.0
-0.0920106555011,0.806159814311,1.0
0.195326220419,1.30484983453,1.0
0.0829633977555,1.11677164132,1.0
-0.0382441772086,1.38934830659,1.0
0.280132355462,0.751274042246,1.0
0.380622983281,0.973709226049,1.0
0.58142228528,1.32953961832,1.0
0.475535130875,1.74274706404,1.0
0.237858658779,1.39393166783,1.0
0.259662253672,1.42977136404,1.0
0.0410993542584,1.7041561182,1.0
0.46346608677,1.12781595933,1.0
0.723471882475,1.49801792401,1.0
0.148830862047,1.45580967822,1.0
0.473405271671,1.48437855037,1.0
0.234922187961,1.7671907516,1.0
0.649664392954,1.42122411454,1.0
-0.137279603224,1.66286736986,1.0
0.250769641573,1.3194141267,1.0
0.323161229611,1.61096885305,1.0
-0.211264720108,0.615120683898,1.0
0.545027443187,0.753724145503,1.0
0.267225315082,1.15672980866,1.0
0.66468573137,1.78138769348,1.0
0.510772932635,1.33726404241,1.0
-0.0430810697362,1.07141250451,1.0
-0.44403656436,1.43518364548,1.0
0.176798897586,1.5040648503,1.0
0.241227810476,1.81745378577,1.0
0.297349120659,2.00326956059,1.0
0.230515144485,1.71607097002,1.0
-0.0265960658292,1.51827554955,1.0
0.058495264351,1.31985314166,1.0
0.438570860681,0.985459539154,1.0
0.45117175525,1.17753089642,1.0
-0.202178999222,1.71612052176,1.0
0.460962314992,1.80479675254,1.0
0.278357645103,0.9638140515,1.0
0.53419190523,1.80842322356,1.0
0.0554160816823,1.36958370059,1.0
0.47642549581,1.06050831918,1.0
-0.329304571852,1.18204501694,1.0
0.295766452917,1.03065062824,1.0
0.2707263743,2.07995879855,1.0
0.037169942277,1.11704149312,1.0
0.06773840361,1.39128161951,1.0
0.774634100486,0.941029285723,1.0
0.551144067921,1.81008803891,1.0
0.514165542126,1.88164148563,1.0
1.12466927252,1.62992272223,1.0
-0.00354716478716,1.39552717128,1.0
-0.375623657463,1.14626438891,1.0
0.441041172244,1.76214831689,1.0
0.402763459622,1.29501790814,1.0
0.177398108994,1.13119331496,1.0
0.0797563169805,1.81970405022,1.0
0.16059051505,1.80704595994,1.0
0.153825302199,1.58687307314,1.0
0.230282510341,1.53605841073,1.0
0.687497026269,1.75473898582,1.0
0.0885559531512,2.08458873144,1.0
0.0808431220902,1.55374283355,1.0
-0.523923719032,1.52094179415,1.0
0.61163089778,1.75808962896,1.0
-0.0647920209479,1.72717100355,1.0
-0.0662142598376,1.56068919906,1.0
-0.198125678904,1.45866402679,1.0
0.15557008264,1.27489212666,1.0
0.00817437117934,1.45702485423,1.0
0.431972438006,1.34200413313,1.0
-0.211028705906,1.64404695898,1.0
0.290272432672,1.17747276872,1.0
-0.0693320128493,1.53050843619,1.0
-0.00866186542647,1.73759834534,1.0
0.601574897044,1.48287779053,1.0
0.038744840004,1.71479859787,1.0
0.180619556416,1.50215116498,1.0
0.591347995132,1.41370446873,1.0
-0.326728029809,1.41815366551,1.0
-0.0580304152358,1.37733336309,1.0
1.03118089773,1.42769742666,1.0
0.179431836943,0.618812151154,1.0
0.544640523966,1.41256507361,1.0
0.368381957619,1.43862847481,1.0
0.248605275425,1.00815321736,1.0
-0.340331127463,1.43345246938,1.0
0.142958989108,1.4211603004,1.0
0.156506509948,1.24881589694,1.0
0.175041997441,1.00477652508,1.0
-0.14171491021,1.01564533122,1.0
-0.0863627770114,1.25921133534,1.0
0.676668232216,1.03303933982,1.0
0.0593459538184,1.0495230971,1.0
-0.566533638396,1.40132469501,1.0
-0.0771653198646,0.751622091384,1.0
0.168226578671,1.32459775093,1.0
0.642916694721,1.79527721529,1.0
0.0712465647225,0.923738036346,1.0
0.30003216586,1.49662868448,1.0
0.769087346755,1.72677834912,1.0
-0.102794738638,1.08612404315,1.0
0.264933041587,1.10844338485,1.0
-0.165996418391,1.69198315017,1.0
0.126393957458,1.35091820664,1.0
0.295727215826,1.38438281224,1.0
-0.199858348082,1.36604516884,1.0
0.118511699814,1.38039472082,1.0
0.131831200179,1.37375974184,1.0
0.322943600413,1.27220473902,1.0
0.130312996148,1.23718057036,1.0
-0.0288656411592,1.82906386602,1.0
0.370969486528,1.55257644328,1.0
0.406482207596,1.30451393296,1.0
0.11993429685,1.27345244603,1.0
0.144365371396,1.29520469816,1.0
0.0856211028536,1.47272182014,1.0
0.463273373698,1.84355357366,1.0
0.195739931578,1.56965710649,1.0
-0.135192527366,1.7264265791,1.0
0.731042483346,1.44339751956,1.0
-0.575358939016,1.18692686628,1.0
-0.0257820520502,1.47666622607,1.0
0.195804394888,1.38687880469,1.0
0.0983581367089,1.12044216986,1.0
0.181333351593,1.68207969426,1.0
0.22296473623,2.26356812429,1.0
0.262382640327,1.46111622356,1.0
0.390402240016,1.74675158717,1.0
0.751484705647,1.11107888726,1.0
0.325024590123,1.81799368028,1.0
0.198341419129,1.74155573123,1.0
0.285017559493,1.34445265141,1.0
0.509007664262,1.48841330246,1.0
0.238782605992,1.72464265522,1.0
0.0244641629051,1.36511066738,1.0
0.239447151315,1.34476400436,1.0
0.611609036957,2.04777825752,1.0
0.0494790935207,1.37654873805,1.0
0.148449975041,1.94796907034,1.0
0.626260744233,1.26693460239,1.0
-0.0662749373121,1.70001294163,1.0
0.528832292538,1.21683025158,1.0
0.0666385903689,1.22195986905,1.0
-0.217296777076,1.26689265558,1.0
0.379094963412,0.837276434311,1.0
-0.0881998483285,1.64563728918,1.0
0.0857904554945,1.41555149367,1.0
0.166694446989,1.40511950965,1.0
-0.355753987766,1.55954239576,1.0
0.170994560219,1.5834770044,1.0
0.0914765584288,1.53744699167,1.0
0.511939064262,1.36605335301,1.0
0.222452923906,0.931075895481,1.0
-0.217462920574,1.24506366715,1.0
0.437130474766,1.6134284242,1.0
0.00846558124778,0.834058733542,1.0
-0.0879308203773,1.65712229117,1.0
0.417791911395,1.62926449161,1.0
0.356802320815,1.31292632181,1.0
0.187485579558,0.788137546074,1.0
0.129872681642,1.50246090052,1.0
0.647449817166,2.06272955523,1.0
0.257782496649,1.30492660925,1.0
0.749504238639,1.48567108264,1.0
0.291558265089,1.47144832035,1.0
1.17617085158,1.5986683382,1.0
-0.240913432241,1.54792540903,1.0
-0.296675779573,1.58247943727,1.0
-0.180591311079,1.56666578177,1.0
0.234383325698,1.00472352278,1.0
0.181443699777,1.68293857465,1.0
0.000746086341804,1.9550919015,1.0
0.587797203593,1.75523185534,1.0
0.324864023926,1.2921577144,1.0
0.896704866477,1.50268800611,1.0
0.0117282954497,1.31565083858,1.0
0.441785803816,1.81265445916,1.0
0.0569205532311,1.73252336858,1.0
0.621674126889,1.38529889078,1.0
0.0671720474777,0.527648076195,1.0
0.0649779115593,1.80908760237,1.0
0.479439623929,1.05722546801,1.0
0.1539399358,1.13920946172,1.0
0.0585353853713,2.02507823778,1.0
0.694618080497,1.69854040385,1.0
-0.0575317978404,1.22168711416,1.0
-0.200441280988,1.16311910977,1.0
-0.0256623225098,1.2023853847,1.0
-0.0463367918454,1.22801693911,1.0
0.564525870352,1.52626041629,1.0
-0.444356564551,1.93804100517,1.0
0.323859527652,1.6586847665,1.0
0.214340317114,0.974073676363,1.0
0.364791429959,1.12784462438,1.0
0.466941539698,1.44916311248,1.0
0.287570293567,1.4226460386,1.0
0.111749477004,1.53630586303,1.0
0.348837225586,2.09531162793,1.0
0.0958750325924,1.47794161366,1.0
0.43427158708,1.72107179372,1.0
0.126788874533,1.9998824315,1.0
-0.202850619498,2.11726232581,1.0
0.22139172265,1.20080289702,1.0
0.301948540361,1.79346973242,1.0
0.44975287478,0.868364978656,1.0
0.288493982218,1.37613115586,1.0
0.574633853543,1.84542463132,1.0
0.400397775074,1.20565437362,1.0
0.545262290337,1.16367074063,1.0
0.20828798402,1.15577752211,1.0
-0.134948559469,1.75810734319,1.0
0.0895298147946,1.75298033694,1.0
0.280929804524,1.87634899663,1.0
0.431348076036,2.1987937944,1.0
-0.151861920694,1.25104529701,1.0
0.182552695259,1.30664557989,1.0
0.455683858948,1.2922272387,1.0
0.740028731639,1.27523762908,1.0
0.272041656886,1.1850556011,1.0
0.430511000364,1.07135919177,1.0
0.387111525976,1.18726503915,1.0
0.248805547748,0.805282339612,1.0
0.696063689343,1.40699262519,1.0
0.705635473218,1.52114500411,1.0
-0.182543635403,1.16387687613,1.0
0.0641250377686,1.32528888027,1.0
0.791009578255,1.300496673,1.0
0.235337910063,1.54534681209,1.0
0.502280126398,1.3683779177,1.0
0.0686899240031,1.21598970792,1.0
-0.571543030632,1.61005920215,1.0
0.479492259557,1.42268457205,1.0
0.555074023829,1.53179314104,1.0
0.0175056664328,1.69722878934,1.0
0.440710334885,1.6440665285,1.0
0.463643804402,1.6163583169,1.0
0.879684627645,1.25919987113,1.0
0.49076367651,1.63031136424,1.0
0.147087048235,1.3384890288,1.0
0.715828980483,2.01711879028,1.0
0.331549694711,1.44368803908,1.0
-0.0338186344713,2.33120839423,1.0
0.45274725682,1.40564628242,1.0
0.552014133421,1.50785584577,1.0
0.302514987788,1.6032256767,1.0
0.352134861732,1.45527677364,1.0
0.35803432,1.61908583846,1.0
0.17704336642,0.889235109849,1.0
0.501361467342,1.40667979934,1.0
0.310589137772,1.50584621632,1.0
0.406288818576,1.32326789356,1.0
0.0373608836334,1.00978296222,1.0
-0.172825356445,0.753366288114,1.0
0.2210610271,1.25336356174,1.0
0.600688108068,1.68375598481,1.0
0.485982286278,1.76259537206,1.0
0.178618016949,0.884723244427,1.0
0.108939109821,1.67974232277,1.0
0.00630731073847,0.773155694529,1.0
0.161818477891,1.45421855637,1.0
-0.224781658215,1.53884576804,1.0
0.800783924703,2.02681197357,1.0
0.103957754623,1.3090322612,1.0
0.301939116346,1.59123751727,1.0
0.764166809549,1.68681174856,1.0
0.057904943077,1.58935664604,1.0
0.589547216172,1.37522641921,1.0
-0.0287400683109,1.9285678476,1.0
0.481156526899,0.945249518774,1.0
0.095479514228,1.14575771002,1.0
0.17973565235,1.16007170622,1.0
0.168472669631,1.44265705565,1.0
0.480939017774,1.17960494293,1.0
0.0258269490997,1.39704295393,1.0
0.0446292910645,1.77800613811,1.0
0.10637842531,1.55420191537,1.0
0.442021846042,1.03236665722,1.0
0.544584880933,1.26842668696,1.0
0.401843755953,1.10535130478,1.0
-0.161006154626,1.28589082546,1.0
0.0747373903412,1.1678662841,1.0
0.00564837940033,1.43627067868,1.0
0.451593332324,0.85497301998,1.0
0.425905614068,1.38760797809,1.0
0.0200291839463,1.40077801895,1.0
0.0388121989992,1.2608800671,1.0
0.0353075273087,1.11368201503,1.0
0.686866187529,1.44413030028,1.0
0.192969029392,1.51687825138,1.0
0.223083067727,1.61691660552,1.0
0.215285184125,1.33963130006,1.0
0.316852681317,1.00684656938,1.0
0.044736558554,1.18419876048,1.0
-0.226461847102,1.29351186377,1.0
0.33203649295,1.18507991566,1.0
-0.225065575274,1.90105755811,1.0
0.707637169397,1.69305061647,1.0
0.227833404156,0.866576190409,1.0
0.22374695757,1.11003301446,1.0
-0.46677007004,1.36288002769,1.0
-0.190161238249,1.56666951069,1.0
0.840056299868,1.44702972527,1.0
0.253517891218,1.24095403382,1.0
-0.0509257782093,1.42499093237,1.0
-0.111879213112,1.22854090586,1.0
-0.384850309582,1.74758153887,1.0
-0.0477199169037,1.19197959524,1.0
0.132529485835,0.77540782523,1.0
0.300926966219,1.11021932241,1.0
0.31381104103,1.3448919175,1.0
0.571514753421,1.18409158649,1.0
0.581227709505,2.2771104954,1.0
0.500214850849,1.09322852777,1.0
-0.580923145535,1.24260701447,1.0
0.122709328077,1.40187094303,1.0
0.553132793532,1.53039711816,1.0
0.488139841051,1.2067352931,1.0
0.14496344133,1.23663150241,1.0
-0.164017935337,1.43963401272,1.0
0.0675497659512,1.9302532421,1.0
0.65007525474,1.84190873478,1.0
0.590673175996,1.81427822602,1.0
0.612889440922,1.78538144956,1.0
0.4459804713,1.28848369742,1.0
-0.0745261091428,1.33344901954,1.0
0.124649662074,2.08607255634,1.0
0.154023205451,1.44220090178,1.0
0.574794060344,1.2296512232,1.0
0.247816554375,1.82148484385,1.0
0.0987922729382,1.87946203527,1.0
-0.293606052935,1.79918440094,1.0
0.584290922317,1.76785162549,1.0
0.187129604791,1.24764702305,1.0
-0.00160710840625,1.29939716665,1.0
-0.279366723873,1.51871228899,1.0
0.884681869419,1.40366903254,1.0
-0.133517444027,0.888572317607,1.0
-0.129095850808,1.58467589757,1.0
0.349079443492,1.59614480913,1.0
0.156899141357,1.99361270667,1.0
-0.366728818559,1.56321832379,1.0
0.930359451063,1.03652709288,1.0
-0.0666050644594,1.59113511477,1.0
0.473493206448,1.19559307505,1.0
0.189713656917,1.04184603499,1.0
0.485619209054,1.30240366159,1.0
0.00751025751839,0.664910522711,1.0
0.585729947264,1.16805632075,1.0
-0.142408858098,1.43867850302,1.0
-0.27077204654,1.69823783257,1.0
0.264623481085,0.823136912575,1.0
0.429250923959,1.27696663699,1.0
-0.283272755875,1.58886225675,1.0
0.129678447627,0.711049224043,1.0
0.612541074879,1.17210941412,1.0
0.0115354716935,1.7514987054,1.0
0.552769722271,0.758242607439,1.0
-0.19516255651,1.22765022149,1.0
0.0209248238264,1.26496159816,1.0
-0.3235778843,1.26520993659,1.0
0.0489067161749,1.22963051448,1.0
0.616509824658,1.60347717602,1.0
0.397011874135,1.12493436389,1.0
0.122314516684,1.16148430123,1.0
0.582511884196,1.27974286332,1.0
-0.00240555774319,1.18492633435,1.0
0.642634933184,1.59897969572,1.0
0.255790157575,1.45779992249,1.0
0.602272330059,1.28477319846,1.0
-0.124521330071,1.55795076326,1.0
0.158103087717,1.54507793863,1.0
-0.449356356108,2.00831825492,1.0
-0.0655935844495,1.20369551144,1.0
-0.494153644207,1.38789523089,1.0
0.0209869347409,1.22321379005,1.0
0.00722176630948,1.77407329433,1.0
-0.0227423567077,1.89338023329,1.0
0.089137148119,1.52060546853,1.0
0.417991334893,1.54636854973,1.0
0.150094579224,1.79564156253,1.0
-0.264303859502,1.30562745122,1.0
0.132698349544,1.4737488174,1.0
0.52504991206,1.84779925072,1.0
-0.23441831803,1.01964141254,1.0
0.26094095306,2.01509573302,1.0
-0.365820356617,2.14208050942,1.0
-0.520560454185,1.38920787602,1.0
0.274037268406,1.1314057633,1.0
0.264056589901,1.22055442793,1.0
0.131145820002,1.27113636461,1.0
-0.0773655237249,1.1956025914,1.0
-0.331706238589,1.48698053528,1.0
-0.207882969042,1.7034160949,1.0
0.283132377837,1.85643054735,1.0
0.186464568901,1.47679492904,1.0
0.056581203738,1.00027251498,1.0
-0.161949471679,1.27355849276,1.0
0.272024972934,0.950254048087,1.0
-0.322102325176,1.39448123508,1.0
0.333751863525,1.13190315131,1.0
0.819415156385,1.40854153026,1.0
0.0372718557722,1.51103213216,1.0
0.215345527446,0.696021726158,1.0
0.0981528011711,1.42675479227,1.0
0.400828768782,1.10833321148,1.0
0.352282039278,1.81510044707,1.0
0.101313068296,1.50304289413,1.0
0.306348548109,1.7901318996,1.0
-0.392755333629,1.73349399051,1.0
0.378486708701,0.686335404898,1.0
0.299472098363,2.05522932181,1.0
-0.0298051023289,1.78856886033,1.0
0.518796629889,1.62098668302,1.0
0.148557779362,1.37308551328,1.0
-0.240505095257,1.77313716772,1.0
0.603776478352,1.44857675558,1.0
0.191039669104,1.6608924757,1.0
-0.208884679207,1.83224350298,1.0
0.451361060416,0.940506709396,1.0
0.251848310494,2.00613403604,1.0
-0.0545128757221,1.11263747666,1.0
-0.148319293424,1.08115305656,1.0
-0.114398287492,1.79863643145,1.0
0.0397528999495,1.17989141076,1.0
0.360693294665,1.46479801199,1.0
0.77098653568,1.00456318964,1.0
-0.184545326675,2.04119222061,1.0
0.597815913639,1.40927007438,1.0
0.0632421334426,1.1816718928,1.0
0.43970691527,1.73346978482,1.0
0.319528197041,1.37062853516,1.0
-0.120125241647,1.08281103396,1.0
0.293756770688,1.55207181629,1.0
0.51774175937,1.65689557162,1.0
-0.0263864148682,1.47693889969,1.0
-0.307383757652,1.8344522763,1.0
0.34380534629,1.4038151596,1.0
0.244727396376,1.86625941978,1.0
-0.0941880829571,1.03846552001,1.0
0.2164279096,1.05439551065,1.0
-0.041242047903,1.78051279044,1.0
0.451359635211,0.718187915125,1.0
-0.223329625336,1.2796487171,1.0
0.0740047491163,1.74659703517,1.0
0.792454422434,1.20366350691,1.0
0.0179432139013,0.796278127869,1.0
0.0955415361193,1.42164966347,1.0
0.23198996309,1.33921392008,1.0
-0.110554560307,1.0422639393,1.0
0.362299048006,1.94763426336,1.0
0.379687331277,1.55745592812,1.0
