0.273950582296,0.00899351596271,0.0
0.703303124196,0.249485066025,0.0
-0.170271956075,0.525769435752,0.0
0.555619866709,0.0506149894572,0.0
0.416024909994,-0.152577889196,0.0
-0.153525549261,-0.190970052185,0.0
-0.249096248725,-0.00148846089109,0.0
-0.203675555512,0.014004559865,0.0
0.606721925934,0.203524328561,0.0
-0.388942786712,0.0602561274585,0.0
0.0663019025853,0.0990500427599,0.0
0.178048322511,-0.211102585082,0.0
0.0585203036777,0.576855749915,0.0
0.138923362636,0.197371440203,0.0
0.144703991433,0.0313335361752,0.0
0.317138169211,0.327753622235,0.0
0.195238171449,-0.321978733843,0.0
0.415349255119,0.233514486649,0.0
0.236602114428,-0.0269986460513,0.0
0.63628959891,0.21046677995,0.0
0.129678025057,0.118227048831,0.0
0.156261601056,0.407751510323,0.0
0.237875192978,0.241094205095,0.0
0.0635968664034,0.195255774624,0.0
0.483208825165,0.519475280243,0.0
0.374711636056,0.414864925405,0.0
-0.103456254258,0.705177732127,0.0
-0.0303375649319,0.0432337559551,0.0
0.42622345375,-0.415400199649,0.0
0.557395419214,0.163787173584,0.0
-0.361919845864,-0.210685122014,0.0
-0.196879960397,-0.27810857408,0.0
-0.0715987989748,0.328142255638,0.0
0.496569138229,0.116510261455,0.0
0.327784447764,0.395812760789,0.0
-0.360115404848,-0.364433741735,0.0
0.112567630453,0.0668455544727,0.0
0.467551214084,0.322756793359,0.0
0.0050969134684,0.805630020911,0.0
0.657522017075,0.237361443685,0.0
0.397963844317,0.729055147983,0.0
0.282028876342,0.328192953126,0.0
0.162796072396,0.0771978807694,0.0
0.511058619568,0.274082114669,0.0
0.0903790279302,-0.0586681502939,0.0
0.372831088434,0.148761008443,0.0
0.342706922608,0.089520333401,0.0
0.408627218023,0.288089048145,0.0
0.582361941967,0.314792802161,0.0
0.129301434599,-0.0902011878255,0.0
-0.151016741367,0.675644115263,0.0
0.148571724448,0.0946119339041,0.0
-0.0363601419191,0.109538372402,0.0
0.388980399848,0.307733506654,0.0
0.308790449713,0.161609487686,0.0
-0.27128804548,0.0211226604232,0.0
0.551497228579,0.106736325444,0.0
0.218996292475,0.449239061103,0.0
0.48729713511,-0.0466592661157,0.0
-0.594666899792,-0.313833047046,0.0
0.679342502154,0.424748741299,0.0
0.859083491333,0.0365428809863,0.0
0.331227064955,0.362350798819,0.0
0.488255590263,0.452138216458,0.0
-0.151402073623,0.46502179487,0.0
-0.126274957786,0.479985442119,0.0
0.487524857482,0.43978795939,0.0
0.342128860306,0.356175159958,0.0
0.590459088301,0.338791855374,0.0
0.319067212669,-0.195612363333,0.0
-0.304862453959,0.283528239439,0.0
0.166377836613,-0.245309664866,0.0
0.360487062175,-0.010411284398,0.0
0.601293070742,-0.0620931279857,0.0
-0.348542148839,-0.514866171133,0.0
0.51080932807,0.0637746289232,0.0
-0.0258333118999,-0.114823197515,0.0
0.368273510018,-0.169419158444,0.0
-0.0742807909421,0.303436067812,0.0
0.225323516532,0.0748089520413,0.0
-0.146851651006,0.734335969059,0.0
-0.174059416237,0.0300818289912,0.0
0.741180045259,0.444847598582,0.0
0.350323477174,0.947178109213,0.0
0.0327269428131,0.269404572719,0.0
0.0996137124753,-0.303551616241,0.0
0.208469051358,-0.0339604176698,0.0
0.0281824281967,0.021252690093,0.0
0.131249715698,0.450117803971,0.0
0.0980491405097,-0.513066571258,0.0
0.29406294666,0.234204001264,0.0
0.670944929099,0.312692470791,0.0
0.00922092996171,0.124271873589,0.0
-0.135805182635,-0.543761035126,0.0
0.179652296171,0.667093331344,0.0
-0.19193225881,0.0538701387811,0.0
0.148019613807,0.222043697476,0.0
-0.122639758226,0.744099955096,0.0
0.183287827843,0.321840054413,0.0
0.0485598652984,0.00722645576562,0.0
0.340781034598,0.112028869058,0.0
0.548801919179,-0.0653598286929,0.0
0.167923688676,0.572522039071,0.0
0.797072939694,-0.355368323089,0.0
0.194832740921,0.053724674607,0.0
0.600873402106,-0.0343551390381,0.0
-0.00304165837968,1.00070257135,0.0
0.147749808987,-0.224439993651,0.0
0.48058857902,0.657719506428,0.0
-0.00163093164463,-0.192726635837,0.0
0.47439236534,0.126377752778,0.0
-0.246754660519,0.0838059346788,0.0
-0.270575704577,0.559988660293,0.0
0.651471935213,0.34538764121,0.0
0.0341603464169,0.397299724326,0.0
0.176424220856,0.248929551488,0.0
0.486524479623,0.269209252945,0.0
0.366641316921,-0.290767264311,0.0
0.442231032077,0.382464011974,0.0
0.515182957154,0.249162544199,0.0
0.25078469731,0.109107087444,0.0
0.222207020356,0.542712411646,0.0
0.850815053647,0.0447252059214,0.0
-0.22716966067,0.694279708704,0.0
0.0466583877425,-0.553777933488,0.0
0.0232464409718,0.0171184709385,0.0
0.651425436794,-0.0184565779993,0.0
-0.120379797866,-0.505504887931,0.0
0.109463624094,0.392557238817,0.0
0.0793776870477,0.0211049266313,0.0
0.598812900854,0.893094969285,0.0
-0.266401386967,0.465894200547,0.0
0.776002972676,-0.435463546462,0.0
0.28290679159,1.02424632993,0.0
0.417664874665,0.143010386424,0.0
0.449759009893,0.636382516811,0.0
0.606722839611,0.217344518671,0.0
0.241065030701,0.490992858069,0.0
0.156016376448,0.702723301209,0.0
0.057282742261,0.153118694831,0.0
0.296793383881,0.160925447769,0.0
0.560519391373,0.584462565405,0.0
0.0930311082517,-0.0384279869479,0.0
-0.163031039915,0.00903939455442,0.0
0.300228338077,0.471762999264,0.0
0.552769028983,0.196559516177,0.0
0.0890827497452,-0.368980577805,0.0
0.250020928537,-0.0384144931268,0.0
0.474879979663,0.015689664711,0.0
-0.341554326387,0.0595732906214,0.0
0.162226598119,0.439697020128,0.0
-0.222856515537,-0.224449350555,0.0
0.489334240684,0.234106063885,0.0
0.122426314559,0.404793568674,0.0
0.271128512401,-0.0741981771912,0.0
-0.118654291642,0.159327448194,0.0
0.182667608564,0.39758322972,0.0
0.505076066829,0.490375396416,0.0
0.412671333223,0.172608997854,0.0
0.5266371622,0.339914594916,0.0
-0.0013930700908,0.223057011578,0.0
0.678169402149,0.399749217852,0.0
0.202479064277,-0.0431105153529,0.0
-0.156909341513,0.304453237271,0.0
0.169669760154,0.290118881902,0.0
-0.469378733427,0.0270980654903,0.0
0.806064204281,0.144414730736,0.0
0.0899817838238,0.00784373809343,0.0
0.522538116571,0.746037524436,0.0
-0.0617297639383,0.394512625842,0.0
0.236733578696,0.144249381532,0.0
0.340989360593,0.421259792119,0.0
-0.196379503987,0.0754756449627,0.0
-0.178187577112,-0.0345083663353,0.0
-0.256032564128,0.612272651303,0.0
0.282201693758,0.338046460472,0.0
0.689784849434,-0.0828839460503,0.0
-0.046477100197,-0.195863538833,0.0
0.19108219275,0.705462675918,0.0
0.0752204996103,0.43928514071,0.0
0.401335731486,0.157082156296,0.0
0.307047347266,-0.0722924354368,0.0
0.397131070471,0.459828042365,0.0
0.448080043528,0.100936300322,0.0
-0.153506129242,0.0641965360111,0.0
0.687350847225,-0.144002834202,0.0
0.0264651697187,0.866715645251,0.0
0.0821738970029,-0.337304768841,0.0
0.397663653674,0.220680389843,0.0
0.35778154979,0.0443370841443,0.0
0.0914177104682,0.454224349972,0.0
0.0599259833482,-0.200663505251,0.0
0.505535404874,0.233660563369,0.0
0.64732529874,0.0469940286471,0.0
0.196725704555,0.43942298187,0.0
0.389268797892,-0.469384869976,0.0
0.0427732973613,-0.02905250825,0.0
-0.0884067253255,0.320935468259,0.0
0.0892428019455,0.537643958353,0.0
0.195910049614,0.265239826915,0.0
0.684154621784,0.896057457309,0.0
-0.0715751688401,0.536623477103,0.0
0.64182444495,0.240803315473,0.0
0.224453261048,0.238829411113,0.0
0.29900157755,0.295194741721,0.0
-0.0208305191543,0.381788948147,0.0
0.100206166554,0.253948027245,0.0
0.0455351283033,0.618135219886,0.0
0.00480394054925,0.0965466277361,0.0
-0.251283994217,0.274391520494,0.0
0.520630856943,0.352094585257,0.0
-0.133791261074,-0.0436097030959,0.0
-0.0861852655063,0.29154986092,0.0
0.614779024121,0.220735741577,0.0
0.519601863018,-0.334815431756,0.0
-0.235297415958,0.395569455122,0.0
-0.504238676255,-0.0569529195835,0.0
0.806732956528,0.136242319543,0.0
-0.131432576195,0.102786437561,0.0
0.452723037797,0.556812452591,0.0
0.0375805255577,0.0529805762293,0.0
-0.0796601218856,-0.330683626658,0.0
0.875781705587,-0.192231943607,0.0
-0.371149546,0.254573063061,0.0
0.509233923776,0.390475128104,0.0
0.190660380257,0.705678583886,0.0
0.0678403883112,0.607070032665,0.0
-0.443272979831,0.301139902646,0.0
0.430653238186,-0.0249893631554,0.0
0.461023626912,0.381076880178,0.0
0.267471086218,0.135550308211,0.0
0.682347555054,0.2747313968,0.0
0.496043683053,0.254309516841,0.0
0.0328958747325,-0.333111552745,0.0
0.130374546833,0.305477376389,0.0
-0.546392576487,-0.198701616904,0.0
0.240320608153,0.567985571479,0.0
-0.248437799587,0.709021029248,0.0
0.824196487959,0.096282452741,0.0
0.22198919254,0.129356288336,0.0
0.277819887421,0.595745004404,0.0
0.478050144396,0.188080512987,0.0
0.692553686192,0.912419496635,0.0
-0.153425899548,0.0191608521055,0.0
-0.113448280527,0.670743553505,0.0
-0.49332459745,-0.156179827315,0.0
-0.520836634629,0.59037164571,0.0
0.352993638551,0.355237846628,0.0
0.31106315612,0.513657551282,0.0
-0.0320015308843,-0.355676825283,0.0
0.499160504011,0.445984863433,0.0
0.381439918595,-0.0825089296615,0.0
0.727403266371,-0.23980888086,0.0
0.115282817702,0.487971410916,0.0
0.348956447951,0.10673832507,0.0
0.180677469207,0.220511847815,0.0
-0.00900704718585,-0.344675925494,0.0
0.194705503379,0.140101880228,0.0
0.683920355519,-0.128821523493,0.0
0.113542712637,0.243214468892,0.0
0.369009075816,0.715768664677,0.0
0.420778230299,0.0701843908979,0.0
0.109816669186,-0.0531934166496,0.0
0.158466304514,0.100655922859,0.0
0.103926791047,0.260258243316,0.0
0.268462332654,0.232010316641,0.0
0.0573149540385,-0.23284801901,0.0
-0.00375478328103,0.448132435958,0.0
0.396976902431,0.186629215381,0.0
0.10230993122,-0.0371611373213,0.0
0.331224558737,0.269558152645,0.0
0.506987442768,0.49042906737,0.0
0.0717215367986,0.210674698107,0.0
-0.0807622885443,-0.115282854599,0.0
0.452538130471,0.426343742362,0.0
0.35815425757,0.217014637304,0.0
0.541941962585,0.747986468374,0.0
0.0832838269863,0.531101183834,0.0
-0.0123520139765,0.592987432668,0.0
0.278926309739,-0.162485826284,0.0
-0.0176444144035,0.0580262734427,0.0
0.755261230742,0.0840474546177,0.0
0.669920197035,-0.0463806067009,0.0
0.342932599313,-0.238397941964,0.0
0.155486930116,-0.00414076325689,0.0
-0.0177231007879,1.09232044045,0.0
0.430958109263,0.466068353278,0.0
0.231394446897,0.0379835686973,0.0
-0.412206114846,0.0684358443179,0.0
-0.0277661478039,0.264912393889,0.0
-0.513583290529,-0.557869333401,0.0
0.105402703517,0.213624746563,0.0
-0.123616935587,0.608171475063,0.0
0.0044973831592,-0.226952435249,0.0
0.149642904843,0.037595069454,0.0
0.487351691168,0.00358442551519,0.0
0.25193252676,0.0166852300861,0.0
0.0936198802964,0.244233700921,0.0
0.38111034733,-0.0143075207266,0.0
0.0701480083925,-0.167508979777,0.0
0.313967798211,0.0412155343318,0.0
-0.182379283852,0.507402034947,0.0
-0.0371021564391,0.270348287644,0.0
0.600810654341,0.345754489242,0.0
0.425854671133,0.168103213912,0.0
0.543768304405,-0.347212660747,0.0
0.00212273783534,0.165352694179,0.0
-0.45619245256,0.0845712054963,0.0
-0.098912936529,-0.0556219231878,0.0
0.313483841013,0.548409601522,0.0
0.496402493479,0.126507628933,0.0
-0.911890726374,0.0176433961562,0.0
0.277660164854,0.801418065727,0.0
0.181841896149,-0.0792853129618,0.0
-0.0608499811167,0.0839127608688,0.0
-0.088321074829,0.551239347357,0.0
0.564519403307,0.279241637522,0.0
0.31389560579,0.754302032782,0.0
-0.158658182021,-0.0293391948884,0.0
0.564067603866,0.0967761562549,0.0
-0.118073218086,0.43852299142,0.0
0.238578731222,-0.162806170609,0.0
0.453542154198,-0.405773866863,0.0
-0.546625969073,0.180209767408,0.0
0.151025134482,0.427222466007,0.0
-0.318657969462,0.67047374727,0.0
0.278873373662,0.290698372026,0.0
0.207941756098,0.405530636142,0.0
0.142432008757,-0.0521072211281,0.0
0.721545980702,0.144521429947,0.0
0.315728018341,0.113532010767,0.0
-0.0532146779488,0.196731782273,0.0
-0.410430444059,0.139324536891,0.0
0.595832832053,0.733243797354,0.0
0.136597337575,0.590840414355,0.0
0.283492080307,-0.374097486877,0.0
0.130692737701,0.584282319993,0.0
-0.0523798044047,-0.132376242436,0.0
0.386745776572,0.230942343796,0.0
0.165692073582,0.425419615554,0.0
0.0303407729372,0.0516460119614,0.0
0.477205774649,0.39899533501,0.0
-0.138715652699,0.0972658074931,0.0
0.298095396871,-0.16084746532,0.0
-0.183383112573,-0.372417699884,0.0
0.383303753081,0.498186706092,0.0
-0.553236969346,0.0926544773801,0.0
-0.445660616388,-0.42486829695,0.0
-0.0348977764795,-0.227101337178,0.0
0.159511155051,0.325619895762,0.0
-0.429652929007,0.120138098397,0.0
0.328026393645,0.185885719404,0.0
0.0150448002727,-0.0633773583954,0.0
0.254316007543,0.0278437549232,0.0
0.0569745834741,-0.601971914503,0.0
0.242774680088,0.381421897005,0.0
0.43909081933,0.0314909098401,0.0
0.153439576494,0.156996386168,0.0
0.333769862033,0.110787044427,0.0
0.683594238431,0.337543164381,0.0
0.488695733989,0.105310778494,0.0
-0.213580431535,0.255784034534,0.0
0.21464473782,0.00246081169181,0.0
0.187091896706,0.508722071574,0.0
0.38694465197,-0.195887699788,0.0
0.561587678396,0.60875729803,0.0
-0.340719547997,0.185612513174,0.0
0.128429325429,0.294348860533,0.0
-0.105700725833,-0.53543904002,0.0
-0.0662134215806,0.0250964570714,0.0
0.667291582198,-0.342477068186,0.0
0.06317590068,0.225801910996,0.0
-0.064109316209,-0.303824050772,0.0
0.413869282377,0.829825258743,0.0
-0.0596210619688,0.276899787361,0.0
0.974935343624,-0.354743843673,0.0
0.388556980474,0.532809201617,0.0
0.191801095924,0.30689514158,0.0
-0.0421991648275,0.326149134817,0.0
0.5833437696,-0.367715877291,0.0
0.409447343895,-0.123623587577,0.0
-0.105530710085,0.163746593483,0.0
0.290575677154,-0.266429625046,0.0
0.270879671182,0.780658513001,0.0
0.381969192705,0.937525624081,0.0
0.547027892767,-0.0468495376797,0.0
0.0727317100176,-0.537814417026,0.0
-0.108713660863,0.133891132494,0.0
0.286375798268,0.0644791331542,0.0
-0.0822540541972,0.311719455293,0.0
0.0240386035248,0.581223062339,0.0
0.744685398671,0.144120802613,0.0
0.138681750927,0.361042183828,0.0
0.324119231413,-0.354778564102,0.0
0.521954243934,-0.459052172242,0.0
0.697010696493,0.377413950177,0.0
-0.0183756406899,0.17424111385,0.0
0.0394874446514,0.071071909673,0.0
0.753705282908,-0.228151497146,0.0
-0.237765251743,0.67175234486,0.0
0.619582526889,0.373377990918,0.0
0.451553161286,0.350527290053,0.0
0.742777012886,0.171167106293,0.0
0.258314817345,0.653841788213,0.0
0.2223498004,0.173437237229,0.0
0.0382274754965,-0.428687784311,0.0
-0.105352757196,0.41285972091,0.0
0.0608415134031,0.0370130623806,0.0
-0.0260329206379,0.571318170586,0.0
0.523063330512,0.663425236161,0.0
-0.0363548073824,0.278574832212,0.0
0.594661550807,-0.263810857998,0.0
0.123858662028,0.20673936467,0.0
-0.58246283621,0.188328125697,0.0
0.118476780226,-0.48256748426,0.0
0.128448554866,0.246921479842,0.0
0.344676881452,-0.572734919052,0.0
0.236892921377,0.10980654755,0.0
0.310380722559,0.632948630069,0.0
0.229678143452,0.0298170761552,0.0
0.335424746631,0.0690526704017,0.0
-0.0861921817409,-0.022993471419,0.0
0.118644713525,-0.110962435962,0.0
-0.271766310273,0.277989297393,0.0
0.222395389106,0.489323692453,0.0
0.771664931381,0.60022777804,0.0
-0.487878260177,0.626353958344,0.0
0.38434829038,0.586283481546,0.0
0.346182760981,0.48661552147,0.0
0.339527723852,-0.163454952971,0.0
0.0327017558882,0.207645392738,0.0
0.294115745356,0.616445472131,0.0
0.220291044818,0.153293483871,0.0
0.335061045446,0.30358528716,0.0
0.293539962165,0.416713128797,0.0
-0.149672655299,0.0979357741657,0.0
0.505860125029,0.0403415433376,0.0
-0.15102469136,0.291001169113,0.0
0.40101567958,0.512074697043,0.0
0.545840424833,0.342658373631,0.0
-0.135959409307,-0.500441593433,0.0
-0.0238409780055,0.133805944255,0.0
-0.183490933847,-0.103583107131,0.0
0.34059977278,0.423619339294,0.0
0.0831896497549,0.247765054735,0.0
-0.597870679473,-0.195389339695,0.0
-0.0734010055415,-0.273050400339,0.0
-0.233821852976,-0.0928369229115,0.0
0.190449777855,0.433064487093,0.0
0.412967761808,0.387472252494,0.0
0.20872108298,0.721312654957,0.0
-0.113496868298,-0.028054082472,0.0
0.225581451401,0.119521917259,0.0
0.943023044532,0.0997991340468,0.0
-0.0257829687359,0.00615033602747,0.0
0.326023761513,0.36007237863,0.0
0.478395409817,0.0473521161172,0.0
0.535442233688,0.469502498361,0.0
0.33688009819,0.118070631652,0.0
0.406949524553,-0.0433223910859,0.0
0.0902471903889,0.185418705153,0.0
0.617970480701,0.188802261008,0.0
0.190669114593,0.12863773601,0.0
0.450918463113,0.466386794283,0.0
0.194140165889,0.787629816753,0.0
0.367424644235,0.342746720497,0.0
-0.215293956698,0.270264360662,0.0
-0.0690676857512,0.89767162527,0.0
-0.265384275753,0.413478344401,0.0
0.354887067128,0.420707132535,0.0
0.319793801856,0.176336316608,0.0
0.203260648963,0.432682637062,0.0
-0.232277045014,-0.528878207047,0.0
-0.107505970655,-0.115485774804,0.0
-0.265335585867,0.178895680935,0.0
0.295840974862,0.0143534777358,0.0
0.142781116117,0.512870060121,0.0
-0.0203728460233,0.165641647056,0.0
0.412005103698,0.479208556526,0.0
0.304856641397,-0.0113880852254,0.0
0.187248440413,0.150977259354,0.0
-0.154034431996,-0.0978757263533,0.0
-0.318698713149,0.204013221772,0.0
-0.0676764237652,0.00441109954296,0.0
0.134049085194,0.123966557029,0.0
0.28880751934,0.388431904142,0.0
0.235417202615,0.123068343857,0.0
-0.234518937229,0.068445573546,0.0
0.325235975688,0.394390522861,0.0
-0.469274605176,-0.0443623547693,0.0
0.404232099383,0.0153724213574,0.0
0.455174730348,0.0152911662376,0.0
-0.240001203796,-0.405008531954,0.0
-0.0293614367335,-0.066953160109,0.0
0.189881403719,-0.134912970809,0.0
0.292747981839,0.330334386206,0.0
0.118737939488,-0.269746790462,0.0
0.825357397568,0.375391916819,0.0
-0.210759620943,0.102364285568,0.0
0.335247968062,0.688861801763,0.0
-0.498278950662,0.267615152618,0.0
0.107172231175,-0.122909771859,0.0
0.699444120518,-0.178192986968,0.0
0.543942932569,0.281855032334,0.0
-0.0841450806795,0.582579029018,0.0
-0.282471943769,-0.148749519329,0.0
0.425490069693,-0.371973012563,0.0
0.242039859522,0.373966775429,0.0
0.834147058902,-0.0804317636969,0.0
0.122443752674,-0.186193193677,0.0
0.657496508807,0.0471877705778,0.0
0.257865009369,0.308101610892,0.0
0.668261678687,-0.106141547523,0.0
-0.487243050499,0.0543273055241,0.0
0.00436881173103,-0.292456029633,0.0
-0.144461150279,0.0847863969904,0.0
0.0471289260644,0.269647783023,0.0
-0.290581817066,0.491466972062,0.0
0.42662119373,-0.00821965268093,0.0
-0.017124697489,0.451538163728,0.0
0.561840082293,0.406478636346,0.0
0.448195415357,0.178797022558,0.0
0.440646976822,0.0690475566165,0.0
0.197445613155,0.804976966279,0.0
0.182528039989,-0.00682197808136,0.0
0.439835189867,0.0124253544915,0.0
0.426800786706,0.257454192342,0.0
0.310749160663,-0.450939038383,0.0
-0.11059104977,0.195743903597,0.0
0.076107743409,-0.284419481685,0.0
0.389151756065,0.416254707123,0.0
0.209236279471,0.339246214636,0.0
0.22352896301,0.190030045926,0.0
-0.27959465744,0.420097378033,0.0
0.75553427112,-0.258126196956,0.0
-0.180133419158,-0.109241453061,0.0
0.696668577661,0.182965514446,0.0
0.305760576159,1.01765297911,0.0
-0.0486153301146,-0.0886353526073,0.0
0.320998947139,0.366217039179,0.0
0.0927032528706,0.145570227191,0.0
0.182240690024,0.768232931969,0.0
-0.343514574729,0.156983413946,0.0
0.43613514396,0.161001979367,0.0
0.108170032944,0.282665609312,0.0
0.971048494084,0.853690823455,0.0
0.416608386705,0.324720628774,0.0
0.519749986641,0.16269403718,0.0
-0.173690683792,0.723916456739,0.0
0.571454223203,0.29186462468,0.0
-0.383776736783,0.308244596034,0.0
-0.0506894552909,0.450275021405,0.0
-0.073825793648,-0.368409151946,0.0
0.0826308968522,-0.124765583311,0.0
0.413088577323,0.521949913076,0.0
0.173796296572,0.211813362493,0.0
0.412307426381,0.212642567863,0.0
0.339167860877,0.389699967492,0.0
0.234880376008,0.135103414529,0.0
0.400495485883,0.225868426567,0.0
0.434135715928,0.274051269034,0.0
0.140491882507,-0.385482175188,0.0
0.583603803926,0.297470203098,0.0
0.41298609149,0.619411147326,0.0
0.0432251530644,0.13893055326,0.0
0.0721358206918,0.334035207237,0.0
0.175471111761,-0.0437408576234,0.0
0.232097085531,-0.108341024786,0.0
-0.273973034659,0.449473339513,0.0
-0.0899786413394,-0.0328622940667,0.0
-0.115813802021,0.148879431452,0.0
0.217802029556,0.0422891977104,0.0
0.294297796126,-0.446762472315,0.0
0.371343190446,0.0138704135414,0.0
0.208864993315,0.320712825825,0.0
0.438681569584,0.250327901245,0.0
0.279620241612,0.692158498182,0.0
0.361038660015,0.465459210107,0.0
0.744896158383,0.332484413134,0.0
0.66145728931,0.449411829808,0.0
0.436107904935,0.255972155557,0.0
0.134525169284,0.372583712906,0.0
-0.539754122544,0.386800146029,0.0
0.18034114848,0.301098817338,0.0
0.263510463406,0.244202763277,0.0
0.519413537046,0.459077749805,0.0
-0.140752503314,0.0293232105017,0.0
0.798459905355,0.148377445799,0.0
0.478878989844,0.521734551207,0.0
0.16057247659,0.308793716324,0.0
0.623167736784,0.344759054571,0.0
0.262394567353,0.483023488273,0.0
0.208134561624,0.30805102025,0.0
0.22398262694,0.857656857484,0.0
0.0605470163887,0.376079956356,0.0
-0.0850786833652,0.460123490256,0.0
0.565259180958,-0.395633361703,0.0
0.133494229684,0.0261732195648,0.0
0.0881874942547,0.428462808519,0.0
0.400143030458,0.49432292348,0.0
-0.291418499408,0.672354923819,0.0
-0.0960150615585,-0.48771768928,0.0
0.852333754318,0.456458332761,0.0
0.379545527684,0.208531165743,0.0
0.317236196579,0.268690076262,0.0
0.611382093417,0.145393455187,0.0
-0.303137017513,0.0460894280865,0.0
0.170917653332,0.294566014563,0.0
0.169891803816,0.453994709724,0.0
0.571903507065,0.126309312754,0.0
0.253163907755,0.114027401034,0.0
-0.00183664672914,0.0407724451271,0.0
0.204294309933,0.215751684193,0.0
-0.567127011542,0.560627150484,0.0
0.535475957434,-0.188730035687,0.0
-0.783635034718,0.179097335541,0.0
0.568595827863,0.257087751037,0.0
0.114584158908,-0.122533443685,0.0
-0.132415240494,0.710139071883,0.0
0.324891225114,-0.428815168938,0.0
0.302842026017,0.520849153254,0.0
0.72850243604,0.526578444527,0.0
0.532200953808,0.813425444335,0.0
0.212106568303,0.655857233366,0.0
0.388938016875,0.45102657318,0.0
-0.341570017199,-0.244036600478,0.0
-0.0274864600662,0.0181632142755,0.0
0.660101891924,0.586745074457,0.0
0.194320306578,0.280563825331,0.0
0.110819833983,0.295477776326,0.0
0.605863845587,0.171059320736,0.0
0.569558278884,-0.0788894940721,0.0
0.0527712375419,0.469678747429,0.0
0.385276404796,0.0808601126521,0.0
0.452006585751,0.513127244755,0.0
0.574682021886,0.150579812536,0.0
0.254540633525,0.328592360507,0.0
0.667331982595,-0.00885761432953,0.0
0.49496288668,0.223799156419,0.0
0.529126903083,0.413567779645,0.0
0.124967428492,0.247925751226,0.0
0.73455524092,0.32157358858,0.0
0.152556303055,0.22509268448,0.0
-0.513927424668,0.507032543678,0.0
-0.07088045045,0.588748429629,0.0
-0.612645210915,0.187669296093,0.0
-0.302064246203,-0.341531633425,0.0
0.049519194135,0.133679048391,0.0
0.48894877081,-0.0887332476748,0.0
-0.0695556817037,0.236079907022,0.0
0.553852782777,0.314661956069,0.0
0.193142329788,-0.0391563529105,0.0
-0.253150992217,0.0283668498527,0.0
-0.212899226868,-0.123246540389,0.0
0.213332504582,0.212238025062,0.0
0.314847235337,0.104602631574,0.0
0.179471980364,0.377173852564,0.0
0.169315449689,0.553573776078,0.0
0.516727475954,0.167678452605,0.0
0.0156666834551,0.497450679016,0.0
0.114765528446,0.638582886472,0.0
0.133468174809,0.436729987166,0.0
-0.0591626710253,-0.287250929424,0.0
0.325010797438,0.431837909728,0.0
0.60295503341,0.289516844524,0.0
-0.252336941951,-0.169310947027,0.0
0.104582361173,-0.301247410951,0.0
0.250602076223,-0.0476336084203,0.0
0.353688352401,-0.0559641732047,0.0
0.430860129358,0.722527196714,0.0
-0.237883014158,0.425697497333,0.0
0.33111954235,0.627560780772,0.0
0.39654716268,0.106142836306,0.0
0.617356265555,0.734396982925,0.0
-0.0707667423416,0.635289262682,0.0
0.318987542278,-0.0604972476112,0.0
0.355972502954,0.409666752207,0.0
0.531582165353,-0.224092621561,0.0
0.187913344377,0.501234829177,0.0
0.46479432017,0.166072611197,0.0
0.178918808467,0.287354410578,0.0
0.5705587088,-0.44059919268,0.0
0.642542674718,0.211717991352,0.0
0.43893459995,-0.0313773550543,0.0
0.641517150461,0.0657764778303,0.0
1.0746971425,0.275589373485,0.0
0.0997580507774,-0.0760069166272,0.0
0.687263884546,0.236219889021,0.0
-0.189509324241,0.00129993859922,0.0
0.089899759798,0.581793680532,0.0
0.748540656091,0.231507874953,0.0
0.0562090533128,-0.00430269112514,0.0
0.51984044955,0.2147917715,0.0
0.200530772302,-0.200057369134,0.0
0.616452648658,0.428466308926,0.0
0.125416370056,-0.0414734178344,0.0
-0.00972349009882,0.304329191924,0.0
0.809185356895,0.0959305225532,0.0
0.336181766854,0.115479398201,0.0
-0.165149464066,0.372333116735,0.0
0.769435150496,0.0603495444489,0.0
0.360212117872,-0.0278653760151,0.0
0.0101499245012,0.317405984419,0.0
-0.108129252858,0.0802885697638,0.0
-0.115758963299,-0.0774796586042,0.0
0.313138638181,0.637264407773,0.0
0.202571336953,-0.210266482272,0.0
-0.0730443991317,0.129440294519,0.0
0.204613110602,0.291366542218,0.0
0.366460238442,0.652535851742,0.0
0.32622735925,-0.0728671045169,0.0
-0.304074037368,0.471203800982,0.0
-0.225541064834,0.277968093229,0.0
0.622936489594,-0.419253870701,0.0
-0.359485804936,-0.586704511729,0.0
0.0720307876477,0.525519016142,0.0
0.0116577517716,0.423279243425,0.0
-0.0505592744176,0.23685314532,0.0
0.284486659964,0.450119174741,0.0
-0.235073018627,0.386118082689,0.0
0.745733766627,-0.0249066438155,0.0
0.442279565209,0.545766050104,0.0
0.362337761313,0.251278265702,0.0
0.0718963940294,0.0981133720673,0.0
0.126860812059,0.375891488164,0.0
0.49283039927,0.104925192374,0.0
0.73155502875,0.548760661684,0.0
-0.0734468676625,0.494278127739,0.0
0.360912016399,-0.03166190739,0.0
-0.00394980044783,0.631914298891,0.0
0.426532616063,0.505857074526,0.0
-0.652382368041,-0.455483517452,0.0
-0.248829931599,0.568917016232,0.0
0.289302434374,0.48766153058,0.0
-0.323711262083,0.0441427077497,0.0
-0.156915440531,0.118379061434,0.0
0.198173365954,-0.528207637145,0.0
0.316805349001,0.447802648069,0.0
0.35611101128,0.0621619078637,0.0
-0.113589241786,-0.18919186916,0.0
0.599938098754,0.502966928646,0.0
-0.11239046242,-0.171309999612,0.0
0.0190371095457,0.676906666107,0.0
0.384682714746,-0.0865851317768,0.0
0.589903092444,-0.118283653528,0.0
0.318275538075,0.162187869585,0.0
-0.00326825340508,0.188165410214,0.0
0.920034577262,0.0803661865555,0.0
0.0786780558637,0.402215021785,0.0
-0.332979350185,-0.262825293583,0.0
0.476131907725,0.220528940396,0.0
0.669790727313,-0.126086543032,0.0
0.441572366832,0.150047203749,0.0
0.0660377852944,0.497618690149,0.0
0.0218401160139,0.568614146372,0.0
-0.17441421899,0.402128931929,0.0
0.190198761306,-0.0997318209649,0.0
0.528939924757,0.170361121156,0.0
-0.0468862617252,0.366528334058,0.0
0.58765035748,0.122169487361,0.0
-0.071621036128,0.455759127842,0.0
0.487970052139,0.383513793643,0.0
0.164280136787,0.434445647414,0.0
0.524321956105,0.310842549997,0.0
-0.190023310794,-0.0642805172531,0.0
-0.0130622970574,0.242366236924,0.0
0.0622018114121,0.297378811049,0.0
-0.0727654724894,-0.138083477009,0.0
-0.185217416179,0.397971483847,0.0
-0.115641644321,0.117503921557,0.0
-0.66282589166,0.0364784628475,0.0
0.742471717903,0.0996697519531,0.0
0.748103867219,0.351623856632,0.0
0.287735767905,-0.0221916538707,0.0
0.268883050461,0.742968874125,0.0
0.519980183293,0.0331131573684,0.0
0.368714537827,0.260628972584,0.0
0.186641558276,0.475670568297,0.0
0.218000498804,0.215279639163,0.0
0.576711275637,0.204856658966,0.0
0.595641795625,0.191372902322,0.0
0.322643550733,0.505912271025,0.0
0.279690577583,0.579019668509,0.0
0.146228018271,0.0449221326418,0.0
0.366109266497,0.762968369122,0.0
-0.295130305387,-0.0424064799311,0.0
0.232933004603,0.235711641286,0.0
0.0230649166734,0.240409755403,0.0
-0.274751127936,0.298121443932,0.0
0.613315583242,-0.317790261277,0.0
0.352583554716,-0.0920723218481,0.0
-0.0965369551622,-0.430358621189,0.0
0.433920422336,0.206555176178,0.0
0.496053943783,0.242189907236,0.0
0.341960997791,0.0621443687577,0.0
0.0502599912597,0.899067848312,0.0
0.407493710079,0.186940585918,0.0
0.0865638431202,0.44156041438,0.0
0.608475171625,0.28405010559,0.0
0.206594287836,0.396631996024,0.0
0.121096050755,-0.27297453875,0.0
-0.231749803108,0.0655986134413,0.0
0.371581632533,0.0490591543502,0.0
0.613712279528,0.198588192621,0.0
0.332004948497,0.263320821567,0.0
0.040834805156,-0.305689600106,0.0
0.00875352485504,0.103683839846,0.0
0.34505991169,-0.328180032989,0.0
-0.55404688584,-0.229422589389,0.0
0.260445531656,-0.81418504252,0.0
0.272215988939,0.151607088615,0.0
-0.19128067189,0.391826857968,0.0
0.000211936290604,-0.257390282661,0.0
-0.1586413816,0.199855454111,0.0
0.25514067868,0.123670003262,0.0
0.126431277377,0.636660147009,0.0
0.113059475231,0.915230382297,0.0
0.124844094579,-0.374342382929,0.0
0.378841147234,0.00774782051463,0.0
0.6898629134,0.0470572225757,0.0
0.160724089021,0.133431816192,0.0
0.508628520467,-0.117198150724,0.0
0.229355809261,0.366021717897,0.0
0.273714878805,-0.359424963861,0.0
0.136213212343,0.430041399477,0.0
-0.0464901483893,0.506730564191,0.0
-0.137548979726,-0.339723218562,0.0
0.638978566788,0.487059517883,0.0
0.0348013341188,0.308037174054,0.0
-0.0670293524583,0.499534991091,0.0
0.0779792456328,0.43672091433,0.0
-0.0941472380759,0.173782714407,0.0
-0.107216609512,0.428659517897,0.0
0.00792221513826,0.366439236208,0.0
1.12878412974,0.470824149897,0.0
0.359818440259,0.141190847206,0.0
0.299419438004,-0.448089836711,0.0
0.311963089983,0.306680253851,0.0
0.885819052819,0.0515904859797,0.0
0.551317817506,-0.212976908582,0.0
0.303620348328,0.376810999088,0.0
0.0010417442081,0.343283836021,0.0
0.540053264052,-0.234987220978,0.0
-0.00822978012067,0.0281015172505,0.0
0.417288953635,-0.108180523867,0.0
-0.140476651202,0.101373291574,0.0
0.122321266443,-0.465195631302,0.0
0.155586398414,0.186104847133,0.0
0.53475908043,0.350336658863,0.0
0.320228136292,-0.168281812708,0.0
-0.123729848472,0.213935673674,0.0
0.656664190832,0.189828101164,0.0
0.797272992759,0.295254675016,0.0
-0.557418213135,0.203230227386,0.0
0.437667940777,0.096567283783,0.0
0.503588910641,0.547445567552,0.0
-0.112074462676,0.275340406848,0.0
0.61345589711,0.553420568071,0.0
0.138634855418,0.166556734068,0.0
0.377888994172,-0.0434337600226,0.0
0.432604698347,0.261135942784,0.0
0.397834199915,0.380819834986,0.0
0.483825049346,0.405427484282,0.0
0.448963141543,-0.0917295462234,0.0
-0.262664676054,-0.164917670936,0.0
-0.434963076465,0.0323686970229,0.0
0.174079168433,0.855929019037,0.0
0.123723338343,0.331660781062,0.0
0.0106142494741,0.410293295893,0.0
0.351728560056,-0.0714615278668,0.0
0.66163246953,0.497115394114,0.0
0.995821281931,0.0970328678916,0.0
0.280863775236,-0.227351846184,0.0
0.519150216976,-0.0392716545112,0.0
-0.0645409893394,-0.191761373117,0.0
0.0711587802996,-0.25691940606,0.0
0.123788779093,-0.299536225503,0.0
0.31821916887,0.100038359279,0.0
0.0905733991043,0.391679557283,0.0
0.0735441998904,0.202995050613,0.0
0.849628472093,0.219038736076,0.0
0.17898053966,0.849717455485,0.0
0.250166927338,-0.207794396403,0.0
0.0480544503179,0.437978241206,0.0
-0.00100008391481,0.345156428488,0.0
0.519125404835,0.100634974389,0.0
0.574089141282,-0.375677768887,0.0
-0.115387625695,0.187188560658,0.0
0.623011008465,-0.254307930078,0.0
0.898755364846,-0.022283641056,0.0
0.399270866017,0.315965707941,0.0
0.551461949681,0.305115575385,0.0
0.915526156154,-0.218421597772,0.0
0.101344664924,0.0197253275034,0.0
0.153297400279,-0.0232978596042,0.0
0.164311285875,0.285557612594,0.0
0.0737179081496,0.0850791227483,0.0
0.33720938671,0.56542437432,0.0
0.214076277255,0.481669128339,0.0
0.781702132562,-0.425851125808,0.0
0.337372063048,-0.109632876118,0.0
-0.198918743028,0.146233518002,0.0
-0.00666405200975,0.45096112084,0.0
0.439812231543,0.328026386014,0.0
0.45478555171,0.230614776851,0.0
0.224786834874,0.185702109649,0.0
0.452584289043,0.119256191268,0.0
0.422681600883,0.297120784842,0.0
0.64832019471,-0.385600431129,0.0
0.0137694340413,-0.173315400169,0.0
0.0130248705116,-0.263562670962,0.0
0.338630501805,-0.0922713958141,0.0
0.140502510441,0.00513507533851,0.0
0.184815829559,-0.422571718767,0.0
0.263427805458,0.326335511571,0.0
0.230117930866,0.10795803609,0.0
0.0937159490764,0.61380880787,0.0
0.067642251512,0.521722098997,0.0
0.150792636605,0.192846857492,0.0
0.44164069471,0.604621839084,0.0
0.580265462651,0.244781236947,0.0
0.5794001043,0.376807001804,0.0
0.473315862403,-0.188495479257,0.0
-0.0115541681532,0.330040494036,0.0
0.0434952241591,0.419372916281,0.0
0.188453330327,0.529810203342,0.0
-0.511317254223,0.706356186687,0.0
0.121287421191,0.0534047595019,0.0
0.520741484538,0.0650642374469,0.0
-0.0853103596749,0.230357913439,0.0
-0.133682759277,0.0580688079973,0.0
-0.184013336966,-0.232265928749,0.0
0.0232965613086,-0.0661899874407,0.0
0.235985987151,-0.0254055335446,0.0
0.594276655353,0.152194145484,0.0
-0.236429965158,0.238431991742,0.0
0.501198789246,0.186403530036,0.0
0.437599605638,0.288674603321,0.0
0.20491387095,-0.147410888455,0.0
0.0777117372902,-0.0925056006334,0.0
0.324562786351,0.238002449787,0.0
-0.269026906968,0.243794301278,0.0
0.191642004029,0.332094532846,0.0
0.396855025727,0.712600406414,0.0
0.137147486664,0.18683045717,0.0
0.313785040348,0.113387803097,0.0
0.670435287181,0.593590110271,0.0
0.0259585713782,0.200479443888,0.0
0.612117792316,0.214268732339,0.0
0.12640271121,0.458181674194,0.0
0.598055802672,0.509942022805,0.0
0.199435422068,-0.225021932862,0.0
-0.1300528892,0.482112536082,0.0
0.230905819937,-0.548456784044,0.0
0.340471048966,0.684428761495,0.0
-0.220633877397,0.212491372023,0.0
0.326517831822,0.158949429295,0.0
0.138621432042,0.677227293345,0.0
0.17422304113,-0.0704215555888,0.0
0.762993029308,-0.0998687523865,0.0
0.576571575892,0.254752637229,0.0
-0.1416527092,0.394273593161,0.0
0.107274013246,-0.278364350995,0.0
0.363585471651,0.0846997113823,0.0
0.665749330468,0.224570465553,0.0
0.098681087711,0.531589193574,0.0
0.401844972392,0.268537526747,0.0
0.538280583235,0.271106849257,0.0
0.537386377188,0.480800931527,0.0
0.0363217208403,0.56442978472,0.0
0.258100455573,0.226131336373,0.0
0.0877240832516,0.371812693303,0.0
-0.183666498536,-0.219061631616,0.0
-0.102288617864,0.213310512266,0.0
-0.186861951847,0.0440466711626,0.0
0.543611546066,0.775653370758,0.0
0.00204805066177,0.469682320575,0.0
0.0421061948228,0.519961701508,0.0
0.0827617299103,0.209640763129,0.0
0.341828481803,-0.201896229046,0.0
0.922371396274,-0.459476922584,0.0
0.00860743374081,0.0296519786954,0.0
0.38384683075,0.24012341468,0.0
-0.2186554765,0.0513385687757,0.0
-0.125469430785,0.00574787498076,0.0
0.109748761443,0.662108291174,0.0
0.237366158155,0.419988615022,0.0
0.0535590683605,0.00512066980804,0.0
-0.202861458978,0.504702953363,0.0
0.312878443323,0.199167979119,0.0
-0.130647261015,-0.33098426759,0.0
-0.180293316753,0.343896963614,0.0
-0.232145206439,0.272888847812,0.0
0.519511346309,0.590685977921,0.0
0.60782031212,-0.304025875011,0.0
0.063089212767,-0.120180620268,0.0
0.247335305008,0.498090718992,0.0
0.128489809671,-0.0905258636003,0.0
0.534803240304,0.0534705939429,0.0
0.031880448012,0.208135011543,0.0
1.18967488386,0.70578830703,1.0
0.729176909454,2.01732402232,1.0
1.42424720904,0.782371353358,1.0
0.872645621485,1.44252877454,1.0
0.686882058984,1.30618234332,1.0
0.597948004869,1.06842760803,1.0
1.45460200283,0.919946970962,1.0
1.51619649728,0.97890966163,1.0
0.866403501933,1.01208055514,1.0
0.625600940211,0.816664851167,1.0
1.02963819339,1.2080813887,1.0
1.77782835896,1.34188934466,1.0
1.53018000343,1.12549635639,1.0
1.29282219223,1.35902249925,1.0
1.02119709396,1.42170296474,1.0
1.58275393586,1.45210603942,1.0
1.82600908764,0.931696094603,1.0
1.86300902497,0.788225153425,1.0
0.806607800222,1.28626140781,1.0
0.791066215314,1.01619328525,1.0
1.52399557555,0.842504825741,1.0
0.877857500049,1.16468235855,1.0
1.71570166012,1.55911406289,1.0
1.01493366512,0.756030241298,1.0
0.811909107005,1.39691503161,1.0
1.24851078737,0.946436752646,1.0
0.550837789315,1.303561717,1.0
1.2624114102,1.83879919357,1.0
1.44694321042,1.15737690065,1.0
0.839267472903,1.41440855564,1.0
1.74474481891,1.17688774891,1.0
1.64556126847,1.74306160109,1.0
1.26376700534,1.1865706067,1.0
1.50772299657,1.21394139021,1.0
0.893435611268,1.03937616701,1.0
1.30584184794,1.50526818248,1.0
1.00596972426,1.6047344473,1.0
0.691415127919,0.849991111349,1.0
0.988395068574,1.02309330378,1.0
1.3333992324,0.692087501155,1.0
1.33453523057,1.49643653514,1.0
1.57656273978,1.38930183656,1.0
1.50069533671,0.947174587528,1.0
1.24887736616,1.14259885865,1.0
1.27973074643,1.22553745864,1.0
1.40313796643,1.81390016453,1.0
1.13925407919,1.29483758146,1.0
1.24883255335,0.72538488156,1.0
1.38326584426,1.20568038305,1.0
0.896520338626,1.39143949502,1.0
1.20925249633,1.19140629178,1.0
1.53240390632,1.14615686055,1.0
1.27747625662,1.48290517014,1.0
0.646754914952,0.96272125758,1.0
1.22739041541,0.605329695176,1.0
1.37393024117,0.699923869444,1.0
1.28012372387,1.53603019755,1.0
1.45026606617,0.889808974947,1.0
1.51344736178,1.11347014736,1.0
1.38611555049,0.993516252002,1.0
1.62861009042,1.26778646564,1.0
1.53518968697,1.35977295765,1.0
1.46405028612,0.962259433956,1.0
1.35933489195,1.18507884334,1.0
1.35144963637,2.04515285562,1.0
1.39582869395,0.793980601922,1.0
1.25226952769,1.150929092,1.0
1.71249444486,1.45206771619,1.0
1.85041273934,0.952486820312,1.0
1.16992693797,0.54254454878,1.0
0.919090686302,1.22414649016,1.0
1.12170193373,1.4854320444,1.0
0.623107295176,1.6244258431,1.0
1.20972099665,0.577860565334,1.0
0.762415271561,0.77312311369,1.0
0.891485127238,1.38921799693,1.0
1.1315766769,0.896675430559,1.0
1.41048944344,1.47465709093,1.0
0.79353768387,1.44334692138,1.0
1.0365113213,1.49797133679,1.0
0.461135366435,1.46620752328,1.0
1.40086818546,0.886572074927,1.0
1.34007061473,1.05586624678,1.0
1.39373345449,1.43861564638,1.0
1.14288400027,1.11377072903,1.0
1.30658670463,1.47909390579,1.0
0.885843046044,1.25938125148,1.0
1.29038735873,2.09525144097,1.0
1.7187664235,1.10232038271,1.0
1.20920904048,1.14480249891,1.0
1.50069456587,1.46538967281,1.0
0.886081132183,0.989273542636,1.0
0.657695475886,1.5077251221,1.0
1.67748144851,1.00838696924,1.0
1.16205660969,0.841706536119,1.0
1.3901608893,0.921867558855,1.0
0.862268188223,0.707451225617,1.0
1.80847179786,1.38911732914,1.0
1.01516114878,0.96042197858,1.0
0.890580458602,1.46304987732,1.0
1.4633484168,1.06763267206,1.0
1.3199988603,1.3398928751,1.0
1.20360960012,1.10992239583,1.0
1.29219077606,0.961935092823,1.0
1.25108476337,1.0598490961,1.0
1.52197653861,1.04583582725,1.0
0.922089085108,0.814404009542,1.0
0.967711067864,0.782590159515,1.0
1.26686603649,0.820304715594,1.0
1.07983265153,1.24165669874,1.0
1.41293617553,1.17509243812,1.0
1.17206972971,0.726311846188,1.0
1.43549776858,1.25009669638,1.0
1.40068414851,1.63230834424,1.0
1.3474055289,0.644644333526,1.0
1.2245734315,1.47427159764,1.0
1.25717022406,1.45539612987,1.0
1.47216031652,0.845192187185,1.0
1.74316658342,1.27295307613,1.0
1.3609604673,1.33540758419,1.0
1.27261002849,0.634601404225,1.0
0.737275899059,1.25327973643,1.0
1.25665031136,0.918546094359,1.0
2.02335330621,1.15046846788,1.0
0.704185907662,1.2552148794,1.0
1.2168874291,1.01951213097,1.0
1.69963795528,1.29465811726,1.0
1.41558413536,1.84623121229,1.0
1.56960593451,1.17053730736,1.0
0.701346912525,1.1797908912,1.0
0.859045507546,1.46071960629,1.0
1.41269024419,1.64538025418,1.0
0.834628944743,0.936037518025,1.0
0.873127595077,0.948317923449,1.0
1.25023128496,0.935853929791,1.0
1.15691619498,1.43574030578,1.0
1.14036487012,1.26493319278,1.0
1.0399849244,1.49893604068,1.0
1.32522529478,1.16889234246,1.0
1.17488256712,1.39588697423,1.0
1.633398935,1.52681473047,1.0
1.23950576578,1.62063113474,1.0
0.44682152195,1.75064051435,1.0
1.38064797321,1.40689128147,1.0
1.27199427989,1.45888631032,1.0
1.52775166312,1.18850869532,1.0
1.29246303841,0.866177973133,1.0
0.764718052819,1.57821891487,1.0
1.08695299593,1.22408610055,1.0
1.48947079945,1.51281662627,1.0
1.19405428011,0.645433267839,1.0
1.53185643726,0.563203194593,1.0
0.97594561311,1.24304430131,1.0
0.769595345635,1.0141956676,1.0
1.38467428657,0.310345113129,1.0
0.858813264185,1.61466955206,1.0
1.3340217117,1.4333072714,1.0
1.42963109235,1.21185196597,1.0
1.05366442687,1.70980713822,1.0
0.81858501269,1.27628294977,1.0
1.33413415481,0.885186271311,1.0
0.932469348314,1.12037304553,1.0
1.81888596292,0.926170221175,1.0
1.66413155181,1.65813849579,1.0
1.27084076184,1.18382599457,1.0
1.14977139497,1.53242809893,1.0
1.28711297492,1.62440964751,1.0
1.42773792839,1.11649372192,1.0
1.26883656028,1.20195145555,1.0
1.00775812561,0.864313149012,1.0
1.09654915441,1.68658398407,1.0
0.941738607469,1.46380574141,1.0
0.673824747032,1.14161224144,1.0
1.48706671141,1.32367232767,1.0
0.921253219895,0.939993563069,1.0
1.21957849794,0.926899165811,1.0
1.28272690706,1.44280353207,1.0
1.38580300206,1.39149440738,1.0
0.81470626957,1.87064086735,1.0
1.20779530331,1.6101562702,1.0
0.740675853987,0.906561024734,1.0
1.27026443828,1.28926884793,1.0
1.11261353943,0.874437132165,1.0
0.886171659899,0.480006752243,1.0
1.10655801308,1.23507465096,1.0
1.45250437968,1.08388539943,1.0
1.26782568496,1.37867338485,1.0
1.21493181314,0.992062607641,1.0
0.948597915263,1.45586268007,1.0
0.955625190817,1.30865846458,1.0
1.1643877356,1.16612225898,1.0
1.12995555307,1.07948164538,1.0
1.36062053519,1.13127069866,1.0
1.56267323041,1.01284665652,1.0
0.689767021775,1.69827966933,1.0
1.72618933554,1.21007288366,1.0
0.633813552235,1.57455258914,1.0
1.23948991539,0.906873727232,1.0
0.96034167085,1.36257721625,1.0
1.02741018954,1.48352204801,1.0
1.42122621701,1.20170285212,1.0
1.59014972628,0.911648156529,1.0
1.12067352307,1.48046933585,1.0
1.42987690531,0.966264128372,1.0
1.76738810278,1.65186374939,1.0
1.27759577961,1.24858703471,1.0
0.77324425388,1.21342213884,1.0
1.58428158042,1.12359661439,1.0
0.712169644668,0.864946086097,1.0
1.43587286607,1.71668785802,1.0
1.63402371934,1.28478487143,1.0
1.11856247992,1.14471496264,1.0
1.32481638703,1.50569322982,1.0
0.823096896554,1.07860235748,1.0
0.962184645362,1.3771277814,1.0
1.6238194723,1.16566014972,1.0
1.95050922803,1.48413792622,1.0
1.04225229474,0.617942211062,1.0
1.22971339514,1.58880546912,1.0
1.24323159263,0.923644081312,1.0
0.917056823393,0.970611423308,1.0
0.779789034414,0.47927293311,1.0
2.03041285476,1.08387635996,1.0
0.928941581907,1.5590896908,1.0
1.14166184743,1.235890886,1.0
1.21835694254,0.81249081441,1.0
1.63340744993,1.14786512593,1.0
1.31681874122,1.34547713219,1.0
1.18666608247,1.13053291667,1.0
1.08012844314,0.952649252367,1.0
1.14223912021,1.14143423199,1.0
1.29284928126,1.28375710259,1.0
1.1988768774,0.894469024729,1.0
1.14863321968,1.14306989552,1.0
0.880248061541,1.10235755572,1.0
1.3572747552,1.3363954804,1.0
0.745781275032,1.50109028049,1.0
1.52413213001,1.25169333021,1.0
1.40023880083,0.670189821583,1.0
0.968227849311,2.27555674365,1.0
1.54359140794,1.49185204454,1.0
0.832389611019,1.27811984528,1.0
0.782742503651,1.57915259952,1.0
1.42126031518,1.26894855231,1.0
1.04443857467,0.783848261278,1.0
1.11598091352,1.48789046526,1.0
1.04401340211,1.31441769002,1.0
0.877388978791,1.73396311677,1.0
1.4552299741,0.921675361335,1.0
1.2327302988,1.12835673221,1.0
1.36533516266,1.10887950498,1.0
1.09739948603,1.10103162418,1.0
1.29421973737,1.79787918769,1.0
1.27952298519,1.57804254503,1.0
0.962128029811,0.873654052642,1.0
1.3994651045,0.873252760685,1.0
0.997513748132,0.704999988019,1.0
1.43905552719,1.32815665867,1.0
1.52355666085,1.34912548561,1.0
1.32844381422,0.891012783346,1.0
0.787534079301,1.49916715796,1.0
1.34562210432,0.555379815096,1.0
1.48618931114,1.5202470446,1.0
1.17939408962,1.84650147043,1.0
1.23079811523,0.910912319315,1.0
0.906376008044,1.41896989674,1.0
1.11989143083,1.51931469113,1.0
1.4500013078,1.14800419581,1.0
1.58497518128,1.1696917849,1.0
1.71494300944,1.22539489128,1.0
1.24420046643,1.97362382844,1.0
1.45731965763,0.992389818854,1.0
1.3095262351,0.966662179843,1.0
1.32914983978,1.50613406787,1.0
1.04163123207,1.37912677703,1.0
1.26762093942,1.60126231691,1.0
1.26464656395,1.13599664387,1.0
0.563387029434,0.830816429631,1.0
1.17945725195,1.27188406156,1.0
1.06028169879,0.973190714576,1.0
0.68950578958,1.09083261812,1.0
1.61539929925,1.31556092374,1.0
1.34640353297,0.505067914145,1.0
1.23338382756,0.538641533433,1.0
1.23916513805,0.819466385005,1.0
1.15602480722,1.35177630105,1.0
0.970508100687,1.10789700536,1.0
1.36468230187,0.997495087439,1.0
1.13935019483,1.42410724493,1.0
1.1891351654,1.19914655801,1.0
0.960539632886,1.35798922382,1.0
1.2393755782,1.10075908938,1.0
1.02023155783,1.65873282005,1.0
1.9328650628,1.26488026318,1.0
1.37750857147,1.03590824336,1.0
1.36081980698,0.777463081421,1.0
0.852735580528,1.41112694532,1.0
1.54893753575,1.56499142754,1.0
1.33027982944,0.561502291319,1.0
1.05486686022,1.35660317847,1.0
1.28187702464,0.685991077096,1.0
1.09996949493,1.08934688009,1.0
1.55729897355,0.833830101984,1.0
1.25505988863,0.88643387944,1.0
1.36787527308,0.471821945615,1.0
0.851830344576,1.44293460961,1.0
1.23825418937,1.04192981465,1.0
1.03851597562,1.26804821543,1.0
1.29005722108,1.32725832821,1.0
0.865863534055,1.26503643128,1.0
1.36274474931,1.54962495994,1.0
0.878075490248,1.46583919784,1.0
1.41003899229,1.49228578694,1.0
0.625581272564,1.50568582089,1.0
0.91978783584,1.77945749464,1.0
0.938875080102,0.977893693639,1.0
1.25011611461,1.27615480147,1.0
1.43763985277,1.42791632331,1.0
1.20209593786,0.854294891185,1.0
1.29860647711,1.25547613781,1.0
1.47926300512,1.37948531627,1.0
1.52678080068,0.953433108557,1.0
1.10510418552,1.17708872327,1.0
0.910665217141,1.52830973125,1.0
0.96775179405,1.54413728723,1.0
1.4059627822,1.28929582375,1.0
1.44544228208,1.38815600583,1.0
1.16724092042,1.65519142077,1.0
0.753188591249,1.27144885772,1.0
1.3969170028,1.01092427328,1.0
1.45096161964,1.15414352956,1.0
1.4619610165,1.09670909026,1.0
0.642515316628,0.879448917694,1.0
1.26164019514,1.01093438294,1.0
1.04530005609,1.388430322,1.0
0.780594844051,0.576879690074,1.0
1.13677450852,0.831672424261,1.0
1.50657840799,1.23603675134,1.0
1.82412163594,1.66954612555,1.0
1.18892805922,1.16386993432,1.0
0.954512799496,1.37554109305,1.0
0.939561733838,1.43015598515,1.0
1.49312392325,1.12715265691,1.0
1.14733526072,1.06777717106,1.0
1.69249700958,0.91502264155,1.0
1.26371297618,0.959026638147,1.0
0.81953918956,1.21379307985,1.0
0.844514842187,0.921171726919,1.0
1.21844038723,1.28499846329,1.0
1.4944075981,1.28328968553,1.0
1.45097450196,0.998386790828,1.0
1.3152040544,1.48602499743,1.0
0.969608401876,1.15637200078,1.0
0.946869276763,1.09406398192,1.0
1.09176233124,0.70640867556,1.0
1.34365028217,1.52625288685,1.0
1.27566639779,1.29015726466,1.0
0.942912318158,1.2929239298,1.0
0.814603451231,1.08435659499,1.0
0.772809268035,1.91950640314,1.0
1.56756693706,1.01696629476,1.0
0.753917616178,0.964772239071,1.0
1.41944148266,0.83787012426,1.0
1.55146262877,0.988338345034,1.0
0.794034592524,1.34075164845,1.0
0.97957705343,1.407563656,1.0
1.82620901161,1.28619315223,1.0
1.43824353436,0.710427064959,1.0
1.1808356602,1.32337950568,1.0
1.34255463731,1.28799170911,1.0
1.29540980505,0.99909589229,1.0
1.66200796264,1.3692834239,1.0
0.457943546929,1.71211366595,1.0
1.32217445698,1.32299936217,1.0
0.999299665405,0.883008165628,1.0
1.08238872042,0.795729201382,1.0
0.956949142246,1.07492297721,1.0
1.11092547881,0.594123661697,1.0
1.60781030119,1.58279934738,1.0
0.992783295594,1.60546336764,1.0
1.23014752606,0.344482918044,1.0
2.02915023773,1.29436630983,1.0
1.21619578065,0.92394441528,1.0
1.00621158523,1.01029249974,1.0
1.26852107677,1.45293279275,1.0
1.37680571045,1.5927676804,1.0
1.20626572049,1.40190289144,1.0
0.980199040015,2.03824652127,1.0
1.00092526924,1.11663627111,1.0
1.62162733226,1.07561573104,1.0
1.46112154553,1.37759455071,1.0
0.889175629349,1.80125520308,1.0
1.45598363088,1.45765028398,1.0
1.30985396067,1.2105711024,1.0
1.61413137386,1.09341838132,1.0
1.12781481794,1.58351752248,1.0
1.47365298736,0.733202754385,1.0
1.17830609895,0.654878739232,1.0
1.12140419399,0.993970470443,1.0
1.22931478808,1.31344305263,1.0
0.830978200722,0.543699210641,1.0
0.729559061621,1.4178821409,1.0
1.46175617973,1.00020126425,1.0
0.921130020695,0.429169846689,1.0
1.31756992703,1.00758905761,1.0
1.49595827692,1.26565846734,1.0
1.35279215671,1.83658317448,1.0
0.906990053197,0.985479992462,1.0
1.59853463081,1.68779654505,1.0
1.55581622377,1.4871151714,1.0
1.93053231158,1.51133147803,1.0
1.18615939897,1.01729040483,1.0
0.894410596589,1.29498503709,1.0
1.6450488369,1.72766797545,1.0
0.911717949103,1.33940589421,1.0
0.650830518819,1.64164867595,1.0
1.50889823192,1.2000761962,1.0
0.970359334514,0.870362556517,1.0
0.370151102713,1.08492877978,1.0
1.13562051621,1.16475649928,1.0
1.6760535883,1.35956057266,1.0
1.25679177015,1.27074305096,1.0
1.31497788762,0.912064868668,1.0
1.26712681226,1.28992189595,1.0
1.20378630675,1.66855874539,1.0
1.15958334744,0.662252863593,1.0
1.90049334007,1.57389793808,1.0
0.976112091803,0.837667147839,1.0
1.16949566935,0.986143115066,1.0
1.01600550244,1.34807345952,1.0
1.24344427894,1.66149168329,1.0
1.16388192903,1.3224990819,1.0
1.63479654637,0.840660980912,1.0
0.794124700395,1.22062736138,1.0
0.678181700936,1.03418345467,1.0
0.875307658927,1.7434289144,1.0
1.23111968389,1.70586513785,1.0
1.25389713372,1.35058523788,1.0
1.46909825415,1.03581738521,1.0
1.74234464495,1.347621917,1.0
1.17675666584,0.785314272803,1.0
1.25594147008,1.49522186079,1.0
1.5403928644,1.46702894099,1.0
1.4732191856,1.63951379744,1.0
0.83983230875,1.45911802467,1.0
1.2090283921,1.58701463309,1.0
1.16920910934,1.3529254868,1.0
1.76493012913,1.31722569177,1.0
0.668811799519,1.76836277295,1.0
1.29613079087,1.3220329638,1.0
1.10482299711,0.658736341139,1.0
1.21304771182,0.910452494759,1.0
1.11485654608,1.31027248143,1.0
1.11887304827,1.63814522605,1.0
1.33527334996,0.873004222601,1.0
1.58314643496,1.05950067481,1.0
0.924078890587,0.569257173829,1.0
1.37023720854,0.902867886321,1.0
0.598766997096,0.74209659979,1.0
1.28628832479,1.05305590839,1.0
1.24153793981,0.982889293834,1.0
0.919497307228,1.11715960689,1.0
1.28653047089,1.1740815056,1.0
1.61438917874,0.833377845197,1.0
1.50901434034,1.1957337826,1.0
1.17177437476,1.39101073948,1.0
1.12722136585,1.0509624157,1.0
1.20351810472,1.34156061805,1.0
1.13684451096,1.91145929043,1.0
1.22352967068,1.83567007429,1.0
1.17799614134,1.06110616841,1.0
0.59582726857,1.36307375422,1.0
1.33262368616,1.41917278736,1.0
0.894197010626,1.23533346734,1.0
0.99351766371,0.800301196405,1.0
1.28938979017,1.85216984586,1.0
0.622577873796,1.90374014765,1.0
0.649631407556,1.26069208251,1.0
0.669447389323,1.77357318573,1.0
1.15145203286,1.50740429008,1.0
1.25577234711,1.13803265341,1.0
1.40742352764,0.891489270811,1.0
0.976180326034,0.460030188962,1.0
0.908645305961,0.966095510968,1.0
1.89678310172,1.407094912,1.0
1.40064034411,1.27898426784,1.0
1.63236254768,1.34308421938,1.0
1.04189562124,1.49592012074,1.0
1.38042884132,1.0378738475,1.0
1.08648546052,1.24246920671,1.0
1.71279664343,0.981885872831,1.0
1.27214091575,0.951762529553,1.0
0.90518810215,1.52930820229,1.0
1.23945946377,0.939570059914,1.0
1.05290066476,1.15850908957,1.0
1.24711401032,1.47735973305,1.0
0.571707762501,1.21423945358,1.0
1.10609430927,1.28845023728,1.0
2.06748163285,0.982301039159,1.0
1.48185201361,1.30874944623,1.0
1.5988011766,1.51205876109,1.0
0.993974707998,0.873872144538,1.0
1.14949596762,1.24008796858,1.0
1.61516968988,1.06310239285,1.0
1.05533119844,1.15267384673,1.0
1.70580499741,1.13643035445,1.0
1.08213920115,0.980596455981,1.0
1.72784395356,1.50331486352,1.0
1.54675518835,1.07550565398,1.0
1.01999174771,1.40647988718,1.0
0.888003718502,1.09283814585,1.0
1.04956412257,0.83491877765,1.0
0.982746031416,0.977192644958,1.0
1.00560054453,1.27668329753,1.0
1.06840796533,1.62351230662,1.0
0.681833123741,0.913541970853,1.0
1.02633300607,0.81209518363,1.0
0.883554438298,1.57755661789,1.0
1.31000997846,0.991924214879,1.0
1.45082579696,0.702685834844,1.0
1.12702905309,1.30864570392,1.0
1.38131332109,1.02136882432,1.0
0.885319823887,0.789081895103,1.0
0.990730298687,0.623281956766,1.0
1.24599867307,1.6504162241,1.0
1.50179767866,1.21131438398,1.0
1.66612319162,0.867403579813,1.0
1.47536968578,1.02886000184,1.0
1.51526921498,0.989719326949,1.0
1.45605868062,1.42388811033,1.0
1.79472860407,0.938332649269,1.0
0.466323608566,1.49597732698,1.0
1.45062374108,1.20456712055,1.0
1.5351753464,1.06814141228,1.0
0.780410750598,0.856580838326,1.0
1.44978721513,1.44169611363,1.0
1.18093404802,1.14038420703,1.0
1.33809174679,1.25623414702,1.0
1.09490451238,1.15048010738,1.0
1.82184131148,1.5833780096,1.0
1.75187557182,1.1492959452,1.0
0.740975974968,1.05651369068,1.0
1.38825054072,0.995590378446,1.0
1.57647613095,1.37931422082,1.0
0.458907255137,0.711947547238,1.0
0.870594269408,1.11472994191,1.0
1.51380280326,1.71022872689,1.0
1.15470663878,1.10258254775,1.0
1.86445680313,1.04782748731,1.0
0.980668480164,0.726837945905,1.0
1.21120291404,1.22646133511,1.0
1.10901476139,1.07980534087,1.0
1.51823824045,0.821652363033,1.0
1.21285618589,1.39779846575,1.0
1.66466623536,0.966223619011,1.0
1.08264140428,0.899026357966,1.0
1.31549144662,1.41843552272,1.0
1.30934044203,1.33205869573,1.0
0.757646730452,1.46324546865,1.0
1.54608816252,0.890559925102,1.0
1.71694672731,1.35643964056,1.0
0.887454515854,1.41632692389,1.0
1.80855021489,0.566434907602,1.0
1.50203915495,0.617346939358,1.0
0.632599160419,1.26824318603,1.0
1.48813349886,1.37979699862,1.0
1.03933620202,0.812817151562,1.0
0.896952892447,1.22855287028,1.0
1.40649066399,0.791538042955,1.0
1.03197614167,1.21004035847,1.0
1.70338014258,1.20938877476,1.0
1.31056099724,1.08356319626,1.0
1.55484143244,1.71508910488,1.0
1.69565054489,1.27100596379,1.0
1.12200548523,1.05988813723,1.0
0.710128297993,1.35760091344,1.0
0.993602417892,1.30563403602,1.0
0.652598837428,0.798208859622,1.0
1.26411073774,1.32245052214,1.0
1.33695193173,1.20821882946,1.0
0.832866734541,1.34424950916,1.0
1.40590872083,1.08549173292,1.0
1.29232984002,1.23686921682,1.0
1.53736240147,1.43323115835,1.0
1.6960459598,1.49666251843,1.0
1.19721121346,1.30634151305,1.0
0.880212017615,0.794492066379,1.0
1.37443405264,1.33903128179,1.0
1.54821722065,1.13474305739,1.0
1.5018514979,1.55855893954,1.0
1.25807646358,1.24883652496,1.0
1.41468616359,1.5356835173,1.0
1.84872547432,1.06007640389,1.0
1.07403745557,1.29640100364,1.0
1.35197352889,1.12158996673,1.0
1.04698067353,1.43537712572,1.0
0.981083104044,1.03493688953,1.0
1.07750947649,1.02397006345,1.0
1.28484883871,0.48204248061,1.0
1.10154210087,0.98167859271,1.0
1.38490968887,0.747994745758,1.0
1.68522357588,0.95185935948,1.0
1.02123315429,0.91579607742,1.0
1.18100116385,1.29062176275,1.0
1.04754080346,1.23585503393,1.0
0.999339515897,1.41956919757,1.0
1.59832263769,0.806774072145,1.0
1.26728298389,1.22264504327,1.0
1.2634847074,1.30486224319,1.0
1.12978372797,0.832473536372,1.0
1.43846612934,0.984480298336,1.0
0.691571532022,1.27441064166,1.0
1.49565349891,0.547396241749,1.0
0.620136680878,1.47728405551,1.0
1.32448176285,1.26153174459,1.0
1.54669791659,1.38879575562,1.0
0.590208111742,0.603958326957,1.0
0.851983068701,0.984295777925,1.0
1.29217281281,1.3879145135,1.0
1.10907318613,0.575932885328,1.0
1.16584415185,1.52433247767,1.0
1.04227979994,0.984827644589,1.0
1.27593930712,1.34971765346,1.0
0.859590731791,1.3020506554,1.0
0.505896887512,1.39355790382,1.0
1.49209430728,1.21586784957,1.0
0.972865791916,1.42935859247,1.0
1.68301138214,1.25608412432,1.0
1.68397598205,1.48725458422,1.0
1.51790579362,1.53507216338,1.0
1.30500980131,1.10291152603,1.0
1.18492723266,1.06143140413,1.0
0.279588773661,0.96481598833,1.0
1.16128325565,1.17978948712,1.0
0.90803638806,1.05036543525,1.0
1.6465956354,0.981211949599,1.0
1.48859682994,0.835870410774,1.0
1.57339050172,0.786464847919,1.0
1.32585333548,1.2548113425,1.0
1.02497226533,1.37194498325,1.0
1.53867995702,0.830874755509,1.0
1.36739171291,0.942952674765,1.0
0.997528098932,1.0826107052,1.0
0.559845054271,1.6836689282,1.0
1.69458619153,1.01688692371,1.0
0.942591739317,1.09063246552,1.0
0.929776643776,1.25998850668,1.0
0.937995382918,1.52693452301,1.0
1.79352807916,1.06111191144,1.0
0.912385993035,0.882253439907,1.0
1.43528545766,1.25906877859,1.0
1.43423808218,1.24274919603,1.0
0.388657273126,1.85711438926,1.0
0.867348262096,1.46941683047,1.0
0.982330826213,1.1853374469,1.0
1.52549956174,1.32393631798,1.0
0.85241168879,0.946788102602,1.0
1.04802569075,1.10128130416,1.0
1.51349760896,1.03115182044,1.0
1.17064687466,1.23567441126,1.0
2.21826438466,1.00218089021,1.0
1.36973252783,1.09179883561,1.0
0.972297452502,0.926063274495,1.0
1.38403627935,1.202899016,1.0
1.2086642274,1.27688848358,1.0
1.37724620842,1.22700979369,1.0
1.00714788886,0.741431864434,1.0
1.1707422665,0.729870419826,1.0
0.936493160514,1.13936209266,1.0
1.06010528656,1.04376703721,1.0
1.04953880334,1.79562719073,1.0
1.68555574207,1.42749474045,1.0
1.37792733535,1.08788593237,1.0
1.26073830937,1.38673533383,1.0
0.987323198455,1.68189329869,1.0
1.69773381159,0.154505619593,1.0
1.28232430517,1.41967878024,1.0
1.23930064115,1.31074545959,1.0
1.28082142933,1.28748513972,1.0
1.53586997178,0.948724246077,1.0
1.00330588643,1.0578302937,1.0
0.399191588014,1.32286457113,1.0
1.37825059146,1.27541784294,1.0
1.78310425014,1.80073517856,1.0
0.988226852194,1.69777522519,1.0
1.64924540409,1.05834047258,1.0
1.58309627632,1.65472913664,1.0
0.823956327481,1.05392094225,1.0
1.07445410404,1.26731044084,1.0
1.31536107292,1.78593375344,1.0
0.940482733465,0.80798688075,1.0
0.423471823574,0.718989605541,1.0
1.53361157858,1.46666704359,1.0
1.51921996723,1.51648065402,1.0
1.04953443271,0.614435218984,1.0
1.46230272398,1.51828395271,1.0
1.02286886363,0.924120999643,1.0
1.04710001216,1.22696893968,1.0
1.25239859322,1.22953391779,1.0
0.952646375858,1.05509063965,1.0
1.46278716555,0.766075243142,1.0
1.64664527055,0.942906126961,1.0
0.779517904878,0.728428630218,1.0
1.55813863282,1.7918260554,1.0
1.44855956463,1.09493095056,1.0
0.974466608498,1.48284804081,1.0
1.82604018846,1.2004346492,1.0
1.54906457296,1.943272951,1.0
1.52194868344,1.14394626546,1.0
1.01854844191,0.925129795931,1.0
1.17995306004,1.35915500965,1.0
0.980425814091,0.33723942517,1.0
1.36037256797,0.520727000705,1.0
1.70246981938,0.903923198592,1.0
1.36272718515,0.844672553511,1.0
1.32038903211,1.03984488678,1.0
1.19045878155,1.06565518672,1.0
0.785682899651,1.20860185695,1.0
1.31217815092,1.4717121993,1.0
1.28069738139,1.43579486585,1.0
0.990616441364,1.26473594512,1.0
1.41181241222,0.920301066145,1.0
0.974177888959,1.45380015617,1.0
1.15246772683,0.767129814614,1.0
0.84837877981,1.51235956457,1.0
1.36412800862,1.49913237746,1.0
0.8638276876,1.57667290665,1.0
1.23526093055,1.06802175196,1.0
1.34837931746,1.14169656628,1.0
1.26297909698,1.62603528533,1.0
0.67959011913,0.940370768003,1.0
1.30620945817,1.15302271056,1.0
1.24456593632,1.28519603184,1.0
1.10705507305,0.597299050539,1.0
1.04886486872,1.15601493459,1.0
1.55485872647,1.07059534748,1.0
1.75181390808,1.41258073178,1.0
1.40845798614,1.27254840372,1.0
1.01638739343,1.08539339811,1.0
1.39872346691,1.05519366972,1.0
1.40230441194,1.12878419117,1.0
1.38726380406,1.48139782768,1.0
0.869972562383,1.0427247375,1.0
1.16439108716,1.02328647237,1.0
1.25522394506,0.988136984578,1.0
0.908294034428,1.64118554107,1.0
0.60584353276,0.593516676603,1.0
1.57752698877,0.85320123599,1.0
1.15924812903,1.30729768893,1.0
0.5376949065,0.586417974956,1.0
0.909515115335,1.75639094694,1.0
1.66045936278,0.98106164975,1.0
0.999926390449,0.8578947133,1.0
1.20038306233,1.48929522925,1.0
1.41846187572,1.14787432185,1.0
1.34214931793,0.952469307759,1.0
1.15003019664,1.56854960606,1.0
0.8149394746,0.930797487025,1.0
1.07258172438,0.792594145476,1.0
1.04866597026,1.09720018734,1.0
1.5319010843,1.26831373667,1.0
1.30393347762,1.01779019224,1.0
1.42016839134,1.50718310863,1.0
0.99670969525,1.67449573466,1.0
0.977341972053,2.08508504197,1.0
1.34162971458,1.67183511585,1.0
1.10655706825,1.35551065178,1.0
1.49014095288,1.32499402588,1.0
1.66425672896,1.09924160875,1.0
1.2884265897,1.07762016174,1.0
1.26863114741,0.791272706262,1.0
1.15026158928,1.0323363093,1.0
1.22776047867,1.0397706748,1.0
1.17417077799,1.55603446601,1.0
1.04867905303,1.5312441694,1.0
1.12061174288,1.05084649015,1.0
1.29418465143,1.60985296834,1.0
1.50313916032,1.29150816578,1.0
0.992087513798,0.826802175219,1.0
1.62107384293,1.09254201315,1.0
1.08117927373,1.09602572033,1.0
1.20484561274,1.14862098404,1.0
1.28020903307,1.06247970275,1.0
1.15175298903,1.2340207514,1.0
1.4186370785,1.57763006876,1.0
0.832637239996,1.21977646756,1.0
0.672816191705,1.84112964912,1.0
0.94496714823,1.21533724645,1.0
0.867811395128,0.860087667927,1.0
0.745103694204,1.40564680091,1.0
1.75457097709,1.29039625248,1.0
0.906989367322,0.933613155285,1.0
1.10701244499,1.15036176706,1.0
1.42437341636,1.02870134656,1.0
1.49426319814,1.45768253796,1.0
1.80573077781,1.2362309593,1.0
1.08919609978,1.42997038212,1.0
0.688634026921,1.68416757521,1.0
0.779153563404,0.667614075238,1.0
1.504670564,1.38804535088,1.0
1.23760454508,1.59609896823,1.0
1.69043889075,1.27790093476,1.0
0.723231515904,0.743206325878,1.0
1.21379128051,1.68400719257,1.0
1.45758699122,2.05736380596,1.0
1.22730694785,0.9437822907,1.0
1.47459490262,1.85337209739,1.0
1.65290645095,0.40627925295,1.0
1.14882189212,0.64826278691,1.0
1.67283729952,0.960944976435,1.0
0.838548333362,1.59151610233,1.0
1.52017691853,0.958398643449,1.0
0.731202618043,1.65785270967,1.0
1.63224263047,1.14066044066,1.0
1.26779258539,0.911950813962,1.0
0.842661359149,1.54972903042,1.0
0.938689947965,1.0526101532,1.0
0.793853179747,1.19316132836,1.0
1.24876777732,1.20769100019,1.0
1.60154838933,0.692734600958,1.0
1.16642894816,1.61145099247,1.0
1.37149143103,1.06799493461,1.0
1.44088554338,1.05642282625,1.0
0.905328727033,1.29049747177,1.0
0.824592093281,0.891524973653,1.0
1.0987085036,1.5990209192,1.0
1.20177244529,1.55529819474,1.0
1.41744825318,1.24966752094,1.0
1.46812385303,1.38880822749,1.0
1.38224541178,1.2175684655,1.0
1.80461322662,1.81424279164,1.0
0.596683600424,1.22890273378,1.0
1.04421751709,0.702724563263,1.0
1.17540729603,0.522641756472,1.0
1.31556317455,1.37858142479,1.0
0.723451768926,1.01512437787,1.0
1.32914185935,1.2085608813,1.0
1.48940445457,0.842765225911,1.0
1.68766428409,1.23813915958,1.0
0.828695508609,1.35967685879,1.0
1.2169288566,1.16094014039,1.0
1.28332968209,1.33270079174,1.0
1.33923064887,1.41018526179,1.0
1.20920937366,1.46425463711,1.0
1.66605187975,1.08733526844,1.0
0.898191259514,0.675159935593,1.0
0.734509568303,1.1010309046,1.0
0.740020905911,1.26563983007,1.0
1.02066484011,1.10604211293,1.0
1.49944176683,0.842651476878,1.0
1.5706696683,0.609686667614,1.0
1.30128757069,0.951099910454,1.0
1.5893633269,0.947518659561,1.0
0.746976085297,1.05417831711,1.0
1.19897812223,0.626230805242,1.0
1.14815507601,1.48799135248,1.0
0.818556752888,1.32201596819,1.0
1.2185113719,1.38620117564,1.0
1.31619069471,1.03721753547,1.0
1.78036757457,1.18468212076,1.0
0.876144040874,1.38043789623,1.0
1.48605790876,2.21336574245,1.0
1.27801013747,1.26201974455,1.0
1.1493577873,1.31636445223,1.0
1.23845592526,0.887238543222,1.0
1.6116698452,1.35737477034,1.0
0.993131656355,1.52279871304,1.0
1.04352630597,1.17137833096,1.0
1.67263110707,1.47057441253,1.0
1.08175140508,1.2535231816,1.0
0.867771501466,1.34112938851,1.0
1.31223144457,1.38020020913,1.0
1.48288851201,1.40379002202,1.0
1.34674572869,1.95404828335,1.0
1.65882542276,1.62762991607,1.0
0.964779257401,0.991230775445,1.0
1.53262504695,1.37724846483,1.0
1.48154688552,0.868910420722,1.0
1.39426709907,1.39269325145,1.0
1.57164058113,0.648808826117,1.0
1.60128071724,1.03156361515,1.0
0.434419894709,1.52322825771,1.0
1.29502314835,0.668747101276,1.0
0.984152585989,1.44867887339,1.0
0.690496061181,1.59134887822,1.0
1.05023326548,1.24295540257,1.0
1.67712444583,1.6988025072,1.0
0.804904484663,1.56602854726,1.0
1.01921255691,1.54962113598,1.0
0.895845670019,0.92678400882,1.0
1.09028371667,1.12993405628,1.0
1.2751328871,1.44216221212,1.0
1.37294554837,1.50212218017,1.0
1.42395089592,0.99553810433,1.0
1.11704731788,1.25534558218,1.0
1.35907519776,0.693329026763,1.0
1.58918517803,1.22779370634,1.0
1.15539107666,1.14303489386,1.0
0.750119680106,1.38048251536,1.0
1.0373658268,1.59956070612,1.0
1.32001481082,1.03255102765,1.0
1.03022368576,0.959219077122,1.0
1.77247979244,1.4299239902,1.0
1.12723265413,1.1727217694,1.0
1.30336112821,1.07948457059,1.0
0.639079241733,0.521635942481,1.0
0.867974640972,1.17976537448,1.0
1.16987060686,0.632260900892,1.0
1.23654189315,0.853067834902,1.0
0.931652412805,1.43438028144,1.0
1.41648446236,0.929543126867,1.0
1.01288474588,1.23423787754,1.0
1.19095534467,1.22215401692,1.0
1.6657397903,0.864876778084,1.0
1.01434593122,0.54494525432,1.0
1.48800971979,1.4182883895,1.0
1.1295449929,1.28551842958,1.0
0.887106019252,1.0667174966,1.0
1.69747909554,1.3222904023,1.0
1.19778617695,1.70677224754,1.0
1.34033038124,1.1471642968,1.0
0.921874070995,2.0341139162,1.0
1.58480537331,1.33007519976,1.0
0.669204574248,1.62484157001,1.0
0.790602382363,0.821355685077,1.0
1.38885485191,1.08008374342,1.0
0.910446493299,1.03830543127,1.0
0.472819597159,1.73281255524,1.0
1.17683863019,1.76415032386,1.0
1.3835038677,1.40069462951,1.0
1.2343851732,1.23910679362,1.0
0.826387215746,1.01175646283,1.0
1.39622733699,1.01426845758,1.0
1.11651784034,1.3714520129,1.0
1.10568844913,0.778638944356,1.0
0.878283717649,1.63218055032,1.0
1.41917511453,0.655590115382,1.0
1.2460585622,1.15684016026,1.0
1.21862209914,1.29097209331,1.0
1.05870115431,1.3456732781,1.0
0.898369585394,1.83378258297,1.0
1.20121325183,1.09139094383,1.0
1.07670572907,0.894736143537,1.0
0.667940133237,0.731003351587,1.0
1.75571349944,1.07002564813,1.0
1.61736481302,0.895958883817,1.0
1.25730415019,1.78691570345,1.0
0.778846116957,1.29150077465,1.0
0.77031797652,1.32040628889,1.0
1.34306406787,0.737077675233,1.0
1.038777203,0.866671786901,1.0
0.965946741782,0.915558563393,1.0
1.40605477606,0.421432343043,1.0
0.781003280258,1.79935858525,1.0
0.98373306919,1.1120394222,1.0
1.27803688188,1.18936377673,1.0
0.75655718769,1.2449224998,1.0
1.86386097366,1.37304033094,1.0
0.854582631984,1.49208734957,1.0
1.21740685452,1.08172482189,1.0
1.30494381063,1.29720191857,1.0
0.955434197126,1.0479076323,1.0
1.31614666118,1.12446865896,1.0
1.41926673284,1.42096259705,1.0
0.971755523932,1.68830717444,1.0
0.842698473165,1.285237001,1.0
1.40897334717,1.19136133646,1.0
0.82451211664,0.804134932998,1.0
1.27660250851,1.24129142648,1.0
1.05519703537,1.14030207696,1.0
1.24548593833,1.56045496098,1.0
0.68780589262,1.71054666103,1.0
1.67239770694,1.23133303585,1.0
1.74043208582,1.58286190377,1.0
1.50320755488,1.25581909887,1.0
1.37254145748,1.56044017108,1.0
1.59813413357,0.79248845611,1.0
1.45892694502,1.69709165727,1.0
1.11657742098,1.22181515805,1.0
1.70279521852,1.68868497097,1.0
0.665406659268,1.31332169266,1.0
1.74382975308,1.31052673163,1.0
1.44918198619,1.43929617568,1.0
1.18819556147,0.831057583022,1.0
1.04280993317,0.931299334747,1.0
1.03631146849,1.1522124994,1.0
1.26069585142,1.49143874427,1.0
1.30355318219,1.05836489441,1.0
1.42178738135,1.37103906529,1.0
1.41027235039,0.959715195323,1.0
0.955773481449,1.2852972081,1.0
1.0111524226,0.992830269096,1.0
1.93027506633,1.35148770032,1.0
1.16049506707,0.664645510736,1.0
0.71652571522,1.15564008827,1.0
1.23419702365,1.59264784986,1.0
1.14101409009,1.39962246896,1.0
1.30677710777,0.938645117808,1.0
1.49673416806,0.932205888416,1.0
1.17370293872,1.17941436798,1.0
